№;Кластер;Направление;Приоритет;Компания;Роль;Закрывает;Шаблон;Канал;E-mail;Телефон;Страница;Тема письма;Дата отправки;Повтор;Звонок;Ответ;Скидка/условия;Порог входа;Отсрочка;Фид/API;Статус;Комментарий
1;Привод, электрика и КИПиА;Электродвигатели;Неделя 1;Могилёвский завод «Электродвигатель» (в составе ОАО «Могилёвлифтмаш»);производитель (Беларусь, ЕАЭС);Асинхронные общепромышленные АИР, Взрывозащищённые АИМЛ, ВА, ВРП, Двигатели с тормозом, Однофазные и малой мощности;Запрос дилерских условий;форма на сайте / дилер ГКНТ;;;https://mogilez.nt-rt.ru;Дилерство МЭЗ, АИР, АИРВЕ, ВР, 4ВР, 4ВС — ПРОМКОНТУР, направление «Электродвигатели»;;;;;;;;;не отправлено;
2;Привод, электрика и КИПиА;Электродвигатели;Неделя 1;ГК «Новые Технологии» (nt-rt.ru);мультибрендовый дистрибьютор;Крановые и металлургические, Высоковольтные 6–10 кВ;Запрос дилерских условий;форма на сайте;;;https://vemz.nt-rt.ru;Дилерство ВЭМЗ, 7АVE, МЭЗ — ПРОМКОНТУР, направление «Электродвигатели»;;;;;;;;;не отправлено;
3;Привод, электрика и КИПиА;Электродвигатели;Неделя 2;Насос-Электропром (nasoselprom.ru);дистрибьютор;Асинхронные общепромышленные АИР, Двигатели под частотное регулирование;Запрос дилерских условий;форма заказа на сайте;;;https://nasoselprom.ru/price;Дилерство АИР, АМН, 5АМН, Полесьеэлектромаш, УралЭлектро — ПРОМКОНТУР, направление «Электродвигатели»;;;;;;;;;не отправлено;
4;Привод, электрика и КИПиА;Электродвигатели;Резерв;ПромСнаб (psnab.ru);дистрибьютор;Щётки, крыльчатки, кожухи, клеммные коробки;Запрос условий сервиса / КП;e-mail/телефон;info@psnab.ru;+7 495 781-61-09;https://psnab.ru;Запрос условий для B2B-площадки ПРОМКОНТУР — Электродвигатели;;;;;;;;;не отправлено;
5;Привод, электрика и КИПиА;Электродвигатели;Неделя 2;Кубань ОРИС (kuboris.ru);крупный профильный поставщик запчастей для электродвигателей;Щётки, крыльчатки, кожухи, клеммные коробки (запчасти к двигателям);Запрос условий сервиса / КП;e-mail / телефон;i@tdkubanoris.ru;+7 918 030-13-42, +7 918 016-13-42;https://kuboris.ru/;Запрос условий для B2B-площадки ПРОМКОНТУР — Электродвигатели;;;;;;;;;не отправлено;
6;Привод, электрика и КИПиА;Электродвигатели;Неделя 2;НПО «Электромашкомплект» (motors33.ru);производитель запчастей для электродвигателей;Щётки, крыльчатки, кожухи, клеммные коробки (запчасти к двигателям);Запрос условий сервиса / КП;форма на сайте / телефон;;;http://motors33.ru/;Запрос условий для B2B-площадки ПРОМКОНТУР — Электродвигатели;;;;;;;;;не отправлено;
7;Привод, электрика и КИПиА;Частотники и автоматика;Неделя 1;INSTART / ГК «Новые Технологии»;производитель/бренд (сборка КНР);ПЧ до 7,5 кВт, ПЧ 11–250 кВт, Устройства плавного пуска;Запрос дилерских условий;форма/дилер;;;https://instart-info.ru;Дилерство INSTART (VCI, FCI, MCI, LCI серии) — ПРОМКОНТУР, направление «Частотники и автоматика»;;;;;;;;;не отправлено;
8;Привод, электрика и КИПиА;Частотники и автоматика;Неделя 1;РусАвтоматизация (rusautomation.ru);официальный дилер INSTART;ПЧ до 7,5 кВт, ПЧ 11–250 кВт;Агентская схема — вознаграждение за заявку;форма на сайте;;;https://rusautomation.ru/info/brands/innovert;Партнёрство по привлечению заказчиков — Частотники и автоматика;;;;;;;;;не отправлено;
9;Привод, электрика и КИПиА;Частотники и автоматика;Неделя 1;Kinco Automation через kincohmi.ru;официальный дистрибьютор (заявлен «№1 в РФ и СНГ»);ПЛК, Панели HMI, Энкодеры и датчики положения;Запрос дилерских условий;форма на сайте;;;https://kincohmi.ru;Дилерство Kinco — ПРОМКОНТУР, направление «Частотники и автоматика»;;;;;;;;;не отправлено;
10;Привод, электрика и КИПиА;Частотники и автоматика;Неделя 2;Boneng Transmission через Veturado / Swiss Drive Systems;завод + прямой РФ-канал;Сервоприводы, Шкафы управления под заказ;Завод в Китае: цены, OEM, дистрибуция;форма на сайте;;;https://veturado.ru;Distribution in Russia — Boneng / ПРОМКОНТУР;;;;;;;;;не отправлено;
11;Привод, электрика и КИПиА;КИПиА;Неделя 1;ОВЕН;производитель РФ, прямые продажи + дилеры;Датчики давления, Манометры, Регуляторы и вторичные приборы, Реле давления и температуры, Отборные устройства и клапанные блоки;Запрос условий сервиса / КП;e-mail;support@owen.ru;;https://owen.ru;Запрос условий для B2B-площадки ПРОМКОНТУР — КИПиА;;;;;;;;;не отправлено;
12;Привод, электрика и КИПиА;КИПиА;Неделя 2;Группа «Теплоприбор» (Челябинск — Промприбор+Теплоконтроль+Теплоприбор);производитель РФ (приборы давления/температуры/расхода);Термосопротивления и термопары, Расходомеры и счётчики, Уровнемеры;Запрос условий сервиса / КП;телефон/e-mail;kip@teplopribor.net;+7 (495) 973-98-85;;Запрос условий для B2B-площадки ПРОМКОНТУР — КИПиА;;;;;;;;;не отправлено;
13;Привод, электрика и КИПиА;КИПиА;Неделя 2;Элемер (НПП);производитель РФ (датчики давления/температуры);Датчики давления, Манометры;Запрос условий сервиса / КП;опросный лист на сайте;;;https://elemer.ru;Запрос условий для B2B-площадки ПРОМКОНТУР — КИПиА;;;;;;;;;не отправлено;
14;Привод, электрика и КИПиА;КИПиА;Резерв;Метран (Промышленная группа, бывший актив Emerson);производитель РФ КИПиА;Датчики давления, Термосопротивления и термопары;Запрос условий сервиса / КП;e-mail/телефон;support@metran.ru;+7 (351) 24 24 000;;Запрос условий для B2B-площадки ПРОМКОНТУР — КИПиА;;;;;;;;;не отправлено;
15;Привод, электрика и КИПиА;Электротехника;Неделя 1;EKF;производитель/бренд (сборка Китай+РФ);Модульные автоматы и УЗО, Силовые автоматы в литом корпусе, Контакторы и тепловые реле, Промежуточные реле и таймеры;Запрос дилерских условий;через дистрибьюторов (напр. Элком-Электро) или форма на сайте;;;https://ekfgroup.com;Дилерство EKF — ПРОМКОНТУР, направление «Электротехника»;;;;;;;;;не отправлено;
16;Привод, электрика и КИПиА;Электротехника;Неделя 1;КЭАЗ;производитель (низковольтная автоматика);Силовые автоматы в литом корпусе, Контакторы и тепловые реле, Щиты под заказ;Запрос дилерских условий;форма на сайте / телефон;sale@ru-keaz.com;+7 495 178-05-80;https://keaz.ru/partner/for-dealers;Дилерство КЭАЗ — ПРОМКОНТУР, направление «Электротехника»;;;;;;;;;не отправлено;
17;Привод, электрика и КИПиА;Электротехника;Неделя 1;ЭТМ / iPRO;дистрибьютор (крупнейший электротехнический в РФ);Клеммы, маркировка, DIN-рейки, Корпуса и шкафы, Кнопки, лампы, переключатели;Подключение прайса и остатков;регистрация на promo.etm.ru;;;https://promo.etm.ru;Подключение прайса мультибренд (155+ производителей в ассортименте) к площадке ПРОМКОНТУР;;;;;;;;;не отправлено;
18;Привод, электрика и КИПиА;Кабель и кабеленесущие системы;Неделя 1;Камский кабель (kamkabel.ru);производитель РФ (крупнейший кабельный завод);Силовой ВВГ, АВВГ, ВБШв, Контрольный, Гибкий КГ, Огнестойкий нг(А)-FRLS;Запрос дилерских условий;форма на сайте;;;https://kamkabel.ru/franchise/;Дилерство Камкабель — ПРОМКОНТУР, направление «Кабель и кабеленесущие системы»;;;;;;;;;не отправлено;
19;Привод, электрика и КИПиА;Кабель и кабеленесущие системы;Неделя 2;Элком-Электро (el-com.ru);дистрибьютор (кабель, электро- и светотехника);Силовой ВВГ, АВВГ, ВБШв, Кабельные вводы, Муфты и наконечники;Запрос дилерских условий;e-mail/телефон;sale@el-com.ru;8-800-770-72-80;https://el-com.ru;Дилерство мультибренд, 155+ производителей — ПРОМКОНТУР, направление «Кабель и кабеленесущие системы»;;;;;;;;;не отправлено;
20;Привод, электрика и КИПиА;Кабель и кабеленесущие системы;Неделя 2;ДКС (DKC);производитель (кабеленесущие системы, НВА);Лотки и короба;Запрос дилерских условий;через официальных партнёров;sale@dkc-msk.ru;;https://dkc-msk.ru;Дилерство ДКС — ПРОМКОНТУР, направление «Кабель и кабеленесущие системы»;;;;;;;;;не отправлено;
21;Привод, электрика и КИПиА;Кабель и кабеленесущие системы;Неделя 2;СМК / кабели КИМ® (smk-cabel.ru);производитель кабельной продукции для взрывоопасных зон;Кабель для взрывоопасных зон;Запрос условий сервиса / КП;форма на сайте / телефон;Info@smk-cabel.ru;8 (800) 250-96-05;https://smk-cabel.ru/;Запрос условий для B2B-площадки ПРОМКОНТУР — Кабель и кабеленесущие системы;;;;;;;;;не отправлено;
22;Привод, электрика и КИПиА;Кабель и кабеленесущие системы;Неделя 2;Кабельный завод «Эксперт-Кабель» (expert-cable.ru);производитель кабельно-проводниковой продукции с широкой дилерской сетью;Кабель для взрывоопасных зон;Запрос дилерских условий;телефон;;+7 (495) 248-66-70, 8 800 707-66-70;https://expert-cable.ru/;Дилерство Эксперт-Кабель — ПРОМКОНТУР, направление «Кабель и кабеленесущие системы»;;;;;;;;;не отправлено;
23;Привод, электрика и КИПиА;ИБП и электропитание;Неделя 1;Delta-IBP.ru;официальный дилер + дистрибьютор + сервисный центр Delta Electronics по РФ;Онлайн-ИБП 1–20 кВА, Трёхфазные ИБП 20–400 кВА;Запрос дилерских условий;телефон/e-mail;info@delta-ibp.ru;8-800-511-74-42;https://delta-ibp.ru;Дилерство Delta (Ultron, Amplon, RT, HPH, DPH серии) — ПРОМКОНТУР, направление «ИБП и электропитание»;;;;;;;;;не отправлено;
24;Привод, электрика и КИПиА;ИБП и электропитание;Неделя 1;Delta Battery / ENERGON (delta-batt.com, delta-energon.ru);производитель РФ, бренд-зонтик АКБ;АКБ AGM/GEL;Запрос дилерских условий;e-mail/телефон;sales@energon.ru;8 (800) 775-61-01;https://delta-batt.com;Дилерство Delta Battery — ПРОМКОНТУР, направление «ИБП и электропитание»;;;;;;;;;не отправлено;
25;Привод, электрика и КИПиА;ИБП и электропитание;Неделя 2;Landata (ups-info.ru);дистрибьютор Eaton и Delta;Стабилизаторы, Блоки питания DIN;Запрос условий сервиса / КП;e-mail/телефон;power@landata.ru;+7 495 925-76-20;https://ups-info.ru;Запрос условий для B2B-площадки ПРОМКОНТУР — ИБП и электропитание;;;;;;;;;не отправлено;
26;Привод, электрика и КИПиА;Дизель-генераторы;Неделя 1;ПК «Азимут» (gc-azimut.ru, generator-azimut.com);производитель РФ + официальная дилерская сеть;ДГУ открытые, в кожухе, Контейнерные, Шкафы АВР;Запрос дилерских условий;e-mail/телефон;sales@gc-azimut.ru;+7 495 125-25-42;https://gc-azimut.ru;Дилерство Azimut — ПРОМКОНТУР, направление «Дизель-генераторы»;;;;;;;;;не отправлено;
27;Привод, электрика и КИПиА;Дизель-генераторы;Резерв;Заводы на базе Weichai/Cummins China (через торговые платформы Alibaba/Made-in-China);завод (Китай), прямых представительств в РФ по контейнерным ДГУ не найдено;Контейнерные, Запчасти и контроллеры ДГУ;ВЭД-партнёр: импорт под ключ;запрос КП через торговую платформу, прямых контактов конкретного завода не собрано;;;https://en.made-in-china.com;Регулярный импорт промоборудования из Китая — ПРОМКОНТУР;;;;;;;;;не отправлено;
28;Привод, электрика и КИПиА;Дизель-генераторы;Неделя 2;Завод газовых машин / ЗГМ (gmenergo.ru);российский производитель газопоршневых и дизельных электростанций;Газопоршневые установки;Запрос условий сервиса / КП;форма на сайте / телефон;;8 901 059 18 00;https://gmenergo.ru/;Запрос условий для B2B-площадки ПРОМКОНТУР — Дизель-генераторы;;;;;;;;;не отправлено;
29;Привод, электрика и КИПиА;Дизель-генераторы;Неделя 2;ДЖЕНЕРЕЙТОР СОЛЮШНЗ АС РУС (stamfordgenerator.ru);авторизованный дистрибьютор Cummins Generator Technologies (Stamford, AvK, Markon) в РФ;Запчасти, фильтры и контроллеры ДГУ;Запрос дилерских условий;e-mail / телефон;info@stamfordgenerator.ru;+7 (812) 940-70-84;https://stamfordgenerator.ru/;Дилерство Stamford, AvK, Markon — ПРОМКОНТУР, направление «Дизель-генераторы»;;;;;;;;;не отправлено;
30;Привод, электрика и КИПиА;Промышленное освещение;Неделя 1;Световые Технологии (ltcompany.com);крупнейший производитель РФ;Для высоких пролётов, Линейные складские, IP65–IP69, Прожекторы, Аварийное;Запрос дилерских условий;форма на сайте;;;https://lt.nt-rt.ru;Дилерство Световые Технологии — ПРОМКОНТУР, направление «Промышленное освещение»;;;;;;;;;не отправлено;
31;Привод, электрика и КИПиА;Промышленное освещение;Неделя 2;Атон (aton-svet.ru);производитель РФ (Нижний Новгород);IP65–IP69, Взрывозащищённые, Линейные складские;Запрос дилерских условий;форма на сайте;;;https://aton-svet.ru/dilery/;Дилерство Атон — ПРОМКОНТУР, направление «Промышленное освещение»;;;;;;;;;не отправлено;
32;Привод, электрика и КИПиА;Промышленное освещение;Неделя 2;ГОРЭЛТЕХ (exd.ru);производитель взрывозащищённого оборудования;Взрывозащищённые;Запрос условий сервиса / КП;e-mail/телефон;mail@exd.ru;8 (800) 100-100-4;https://exd.ru;Запрос условий для B2B-площадки ПРОМКОНТУР — Промышленное освещение;;;;;;;;;не отправлено;
33;Привод, электрика и КИПиА;Промышленное освещение;Неделя 2;LEDeffect / система SYNERGY (ledeffect.ru);российский производитель светильников и ПО для управления освещением;Системы управления освещением;Запрос дилерских условий;форма на сайте («Оставить заявку на расчёт»);;;https://ledeffect.ru/solutions/lighting-control/;Дилерство SYNERGY — ПРОМКОНТУР, направление «Промышленное освещение»;;;;;;;;;не отправлено;
34;Привод, электрика и КИПиА;Промышленное освещение;Неделя 2;КБ «Трион» / СУО «Аструм» (trion-led.ru);российский разработчик системы управления освещением на протоколе DALI;Системы управления освещением;Запрос условий сервиса / КП;телефон / e-mail;zakaz@trion-led.ru;+7 (495) 560-48-57;https://trion-led.ru/catalog/sistemy-upravleniya-osveshcheniem-astrum/;Запрос условий для B2B-площадки ПРОМКОНТУР — Промышленное освещение;;;;;;;;;не отправлено;
35;Привод, электрика и КИПиА;Энергосбережение;Неделя 1;Эталон (ettalon.ru);дистрибьютор/сборщик УКРМ с открытым прайсом;УКРМ, Регуляторы реактивной мощности;Запрос условий сервиса / КП;сайт/форма;;;https://ettalon.ru/catalog/ukrm;Запрос условий для B2B-площадки ПРОМКОНТУР — Энергосбережение;;;;;;;;;не отправлено;
36;Привод, электрика и КИПиА;Энергосбережение;Неделя 2;4-Energy (4-energy.ru);производитель РФ УКРМ;УКРМ, Конденсаторы и контакторы для УКРМ, Фильтры гармоник;Запрос условий сервиса / КП;форма на сайте;;;https://4-energy.ru;Запрос условий для B2B-площадки ПРОМКОНТУР — Энергосбережение;;;;;;;;;не отправлено;
37;Привод, электрика и КИПиА;Энергосбережение;Неделя 1;Меркурий / Инкотекс через ГК «Новые Технологии» (mercury.nt-rt.ru);производитель РФ + дистрибьютор;Счётчики и анализаторы сети, Мониторинг энергопотребления;Запрос дилерских условий;форма на сайте;;;https://mercury.nt-rt.ru;Дилерство Меркурий (Инкотекс) — ПРОМКОНТУР, направление «Энергосбережение»;;;;;;;;;не отправлено;
38;Привод, электрика и КИПиА;Энергосбережение;Резерв;Челябинский завод электрооборудования (chelzeo.ru);производитель РФ УКРМ;УКРМ;Запрос условий сервиса / КП;e-mail;sales@chelzeo.ru;;https://chelzeo.ru;Запрос условий для B2B-площадки ПРОМКОНТУР — Энергосбережение;;;;;;;;;не отправлено;
39;Привод, электрика и КИПиА;Энергосбережение;Неделя 2;Sinexcel / Sinepower (sinepower.ru);поставщик активных фильтров гармоник Sinexcel в РФ;Фильтры гармоник;Запрос дилерских условий;e-mail / телефон;sales@sinepower.ru;+7 (812) 445 24 67;https://sinepower.ru/;Дилерство Sinexcel — ПРОМКОНТУР, направление «Энергосбережение»;;;;;;;;;не отправлено;
40;Привод, электрика и КИПиА;Энергосбережение;Неделя 2;SEDMAX (sedmax.ru);российский разработчик программной платформы диспетчеризации и учёта энергоресурсов;Системы мониторинга энергопотребления;Агентская схема — вознаграждение за заявку;форма на сайте / телефон;;8 (800) 301-35-01;https://sedmax.ru/;Партнёрство по привлечению заказчиков — Энергосбережение;;;;;;;;;не отправлено;
41;Перекачка, трубопровод, вода;Насосы;Неделя 1;ООО «СиэНПи Рус» (CNP/Aikon);офиц. дистрибьютор (единое торговое представительство завода Nanfang Pump Industry в РФ/СНГ);консольные, консольно-моноблочные, вертикальные многоступенчатые, циркуляционные ин-лайн;Запрос дилерских условий;дилерская политика/форма;;+7 800 333-10-74;https://www.cnprussia.ru/cooperation/dealers/dealers-policy/;Дилерство CNP, Aikon — ПРОМКОНТУР, направление «Насосы»;;;;;;;;;не отправлено;
42;Перекачка, трубопровод, вода;Насосы;Неделя 1;ООО «ВИЛО РУС»;производитель (локальный завод, Ногинск) + сеть партнёров;консольно-моноблочные, циркуляционные ин-лайн, дренажные и фекальные, насосные станции повышения давления;Запрос дилерских условий;форма/контакты на сайте;;;https://wilo.ru/;Дилерство Wilo, Native — ПРОМКОНТУР, направление «Насосы»;;;;;;;;;не отправлено;
43;Перекачка, трубопровод, вода;Насосы;Неделя 1;АО «ГМС Ливгидромаш»;производитель (завод, Ливны);консольные, консольно-моноблочные, запчасти и торцевые уплотнения к насосам;Запрос дилерских условий;анкета + заявка первому замуправляющего директора;sbyt@hms-livgidromash.ru;+7 (48677) 7-81-00;https://www.hms-livgidromash.ru/sale/how-to-become-dealer.php;Дилерство Ливгидромаш, К/КМ — ПРОМКОНТУР, направление «Насосы»;;;;;;;;;не отправлено;
44;Перекачка, трубопровод, вода;Насосы;Неделя 1;ООО «ДЖИЛЕКС»;производитель (завод, Климовск/Подольск);скважинные, дренажные и фекальные, насосные станции повышения давления;Запрос дилерских условий;форма на сайте;sales@jeelex.ru;+7 (499) 400-55-55;https://jeelex.ru/dealers/terms-cooperation/;Дилерство Джилекс — ПРОМКОНТУР, направление «Насосы»;;;;;;;;;не отправлено;
45;Перекачка, трубопровод, вода;Насосы;Неделя 2;ESPA RUS;офиц. представитель (Испания);вертикальные многоступенчатые, насосные станции повышения давления;Запрос дилерских условий;email/телефон;info@espa.ru;+7 (495) 730-43-06;https://espa.ru/about/kontakty/;Дилерство ESPA — ПРОМКОНТУР, направление «Насосы»;;;;;;;;;не отправлено;
46;Перекачка, трубопровод, вода;Насосы;Резерв;ООО «Йилмаз Рус» (турецкий завод Yılmaz/ELK/GAMAK);прямой дистрибьютор турецкого производителя;дозировочные;Запрос условий сервиса / КП;форма на сайте;;;https://yilmaz-rus.ru/;Запрос условий для B2B-площадки ПРОМКОНТУР — Насосы;;;;;;;;;не отправлено;
47;Перекачка, трубопровод, вода;Насосы;Неделя 2;ООО НПП «ГИДРИКС» / Doseuro (doseuro.su);эксклюзивный поставщик дозирующих насосов Doseuro (Италия) в РФ и СНГ;Дозировочные насосы;Запрос дилерских условий;e-mail / телефон;info@hydrig.ru;+7 (495) 788-01-88;https://doseuro.su/;Дилерство Doseuro — ПРОМКОНТУР, направление «Насосы»;;;;;;;;;не отправлено;
48;Перекачка, трубопровод, вода;Насосы;Неделя 2;ООО «Дозирующие системы» / ETATRON D.S. (etatron.ru);официальный представитель ETATRON D.S. (Италия) в России и странах ЕАЭС;Дозировочные насосы;Запрос дилерских условий;e-mail / телефон;etatron@etatron.ru;8 (499) 757-1459, 8 800 707-4459;https://www.etatron.ru/about/;Дилерство ETATRON D.S. — ПРОМКОНТУР, направление «Насосы»;;;;;;;;;не отправлено;
49;Перекачка, трубопровод, вода;Промышленная арматура;Неделя 1;АДЛ;производитель (РФ, МО) + прямые поставки европейских брендов;задвижки клиновые и шиберные, дисковые затворы, шаровые краны, обратные клапаны, регулирующие и предохранительные клапаны, фильтры сетчатые и грязевики;Запрос дилерских условий;телефон/email;info@adl.ru;+7 (495) 937-89-68;https://adl.ru/;Дилерство АДЛ — ПРОМКОНТУР, направление «Промышленная арматура»;;;;;;;;;не отправлено;
50;Перекачка, трубопровод, вода;Промышленная арматура;Неделя 2;Tecofi (через официальных дилеров: ТермоПартнер, Ревитех-Пермь, Новатек, ВТП Инжиниринг);офиц. дистрибьюторы французского производителя;задвижки клиновые и шиберные, дисковые затворы, регулирующие и предохранительные клапаны, электро- и пневмоприводы;Запрос дилерских условий;через дилера, форма на сайте;;;https://termopartner.ru/brands/tecofi/;Дилерство Tecofi — ПРОМКОНТУР, направление «Промышленная арматура»;;;;;;;;;не отправлено;
51;Перекачка, трубопровод, вода;Промышленная арматура;Неделя 2;Ридан (Ridan);производитель (Дзержинск) — также поворотные затворы;дисковые затворы;Запрос дилерских условий;форма на сайте;;;https://ridan.ru/distributors-and-service-partners;Дилерство Ридан — ПРОМКОНТУР, направление «Промышленная арматура»;;;;;;;;;не отправлено;
52;Перекачка, трубопровод, вода;Промышленная арматура;Резерв;Zhejiang Chaoda Valve Group (Chaoda Valves);производитель (Китай, Вэньчжоу);шаровые краны, задвижки клиновые и шиберные, обратные клапаны, дисковые затворы;ВЭД-партнёр: импорт под ключ;форма на chinavalve.com / Alibaba;;;http://www.chinavalve.com/blank41.html;Регулярный импорт промоборудования из Китая — ПРОМКОНТУР;;;;;;;;;не отправлено;
53;Перекачка, трубопровод, вода;Гидравлика;Неделя 1;«Гидравлика-сервис» (Владимир, gidravlik33.ru);офиц. дилер PSM-Hydraulics + мультибренд;шестерённые/аксиально-поршневые/пластинчатые насосы, гидромоторы, распределители и клапаны, гидростанции;Запрос дилерских условий;форма на сайте;;;https://gidravlik33.ru/about/;Дилерство PSM-Hydraulics, Camozzi, ATOS, SMC, Гидравлик, Гидроаппарат (Ульяновск) — ПРОМКОНТУР, направление «Гидравлика»;;;;;;;;;не отправлено;
54;Перекачка, трубопровод, вода;Гидравлика;Неделя 2;«Гидравлик Групп» (Москва);сервис/производство РВД и гидроцилиндров;РВД и фитинги, уплотнения и ремкомплекты;Агентская схема — вознаграждение за заявку;телефон;;8 800 775-96-77;https://gidravlikgroup.ru/about/;Партнёрство по привлечению заказчиков — Гидравлика;;;;;;;;;не отправлено;
55;Перекачка, трубопровод, вода;Гидравлика;Резерв;Jiangsu Hengli Hydraulic Co. (Hengli Hydraulics);производитель (Китай, публичная компания, SSE 601100);гидроцилиндры, гидростанции, фильтры, баки, теплообменники;ВЭД-партнёр: импорт под ключ;форма на сайте;;;https://www.henglihydraulics.com/en/col749/;Регулярный импорт промоборудования из Китая — ПРОМКОНТУР;;;;;;;;;не отправлено;
56;Перекачка, трубопровод, вода;Пневматика;Неделя 1;«Би Энд Би Инжиниринг» (bb-engineering.ru);один из офиц. дилеров AirTAC + офиц. дилер Camozzi;пневмоцилиндры, распределители и острова, блоки подготовки воздуха, пневмоприводы арматуры;Запрос дилерских условий;форма на сайте;;;https://bb-engineering.ru/airtac/;Дилерство AirTAC, Camozzi — ПРОМКОНТУР, направление «Пневматика»;;;;;;;;;не отправлено;
57;Перекачка, трубопровод, вода;Пневматика;Неделя 1;ООО «Подшипникон» (podshipnikon.ru);офиц. дилер AirTAC;пневмоцилиндры, фитинги, пневмотрубки, датчики положения и ремкомплекты;Запрос дилерских условий;телефон/форма;;8 (800) 222-60-22;https://podshipnikon.ru/airtac;Дилерство AirTAC — ПРОМКОНТУР, направление «Пневматика»;;;;;;;;;не отправлено;
58;Перекачка, трубопровод, вода;Пневматика;Резерв;China SNS Pneumatic (SNS (Ningbo) Technology Group);производитель (Китай/Тайвань);вакуумные присоски и эжекторы, пневмоцилиндры;ВЭД-партнёр: импорт под ключ;форма на сайте;;;https://snspneumatic.com/;Регулярный импорт промоборудования из Китая — ПРОМКОНТУР;;;;;;;;;не отправлено;
59;Перекачка, трубопровод, вода;Пневматика;Неделя 2;BB-Engineering (bb-engineering.ru);официальный дистрибьютор CAMOZZI, авторизованный партнёр FESTO и Schmalz в России;Вакуумные присоски и эжекторы;Запрос дилерских условий;e-mail / телефон;sale@bb-engineering.ru;+7(499)490-45-56;https://bb-engineering.ru/vakuumnye-zahvaty/;Дилерство CAMOZZI, FESTO, Schmalz, SMC — ПРОМКОНТУР, направление «Пневматика»;;;;;;;;;не отправлено;
60;Перекачка, трубопровод, вода;Теплообменное оборудование;Неделя 1;Ридан (Ridan);производитель (Дзержинск, РФ);разборные пластинчатые, паяные, кожухотрубные, пластины и уплотнения, БТП, охладители масла;Запрос дилерских условий;форма на сайте;;;https://ridan.ru/distributors-and-service-partners;Дилерство Ридан — ПРОМКОНТУР, направление «Теплообменное оборудование»;;;;;;;;;не отправлено;
61;Перекачка, трубопровод, вода;Теплообменное оборудование;Неделя 2;Siping Juyuan Hanyang Plate Heat Exchanger Co. (THT Juyuan);производитель (Китай, Цзилинь);паяные, кожухотрубные;ВЭД-партнёр: импорт под ключ;форма на сайте;;;http://en.tht.cn/;Регулярный импорт промоборудования из Китая — ПРОМКОНТУР;;;;;;;;;не отправлено;
62;Перекачка, трубопровод, вода;Теплообменное оборудование;Неделя 2;Новохим (opt.novochem.ru);единственный в РФ производитель, предлагающий и реагенты, и комплексные сервисные услуги по промывкам «под ключ»;Химическая промывка и сервисные комплекты;Запрос дилерских условий;форма на сайте / бесплатный телефон;sales@novochem.ru;8 (800) 234-49-33;https://opt.novochem.ru/;Дилерство Новохим — ПРОМКОНТУР, направление «Теплообменное оборудование»;;;;;;;;;не отправлено;
63;Перекачка, трубопровод, вода;Теплообменное оборудование;Неделя 2;Pipal Chemicals / ПРОМЫВАТОР (xn--80ad3ahdbhfq1g.xn--p1ai);производитель оборудования и химических растворов для промывки теплообменников и инженерных систем;Химическая промывка и сервисные комплекты;Запрос дилерских условий;форма на сайте;order@myPipal.ru;+7 (495) 771 71 17;https://xn--80ad3ahdbhfq1g.xn--p1ai/;Дилерство ПРОМЫВАТОР, Pipal Chemicals — ПРОМКОНТУР, направление «Теплообменное оборудование»;;;;;;;;;не отправлено;
64;Перекачка, трубопровод, вода;Котельное оборудование;Неделя 1;ЭНТРОРОС;производитель (СПб);водогрейные котлы, паровые котлы, автоматика котельных, БМК;Запрос дилерских условий;email/через представителя;opt2@prizma-npp.ru;8 (351) 2-777-666;http://thermoengineering.ru/ru/entroros;Дилерство Термотехник, ЭНТРОМАТИК — ПРОМКОНТУР, направление «Котельное оборудование»;;;;;;;;;не отправлено;
65;Перекачка, трубопровод, вода;Котельное оборудование;Неделя 1;Теплоприбор (Беларусь, ОАО, отопительные котлы);производитель;водогрейные котлы, расширительные баки и предохранительная арматура;Запрос дилерских условий;через партнёра МЕЙСТАРС;info@kotelrizon.ru;;https://kotelrizon.ru/;Дилерство Теплоприбор — ПРОМКОНТУР, направление «Котельное оборудование»;;;;;;;;;не отправлено;
66;Перекачка, трубопровод, вода;Котельное оборудование;Неделя 2;Бийский котельный завод (БиКЗ);производитель (с 1942 г.);паровые котлы, водогрейные котлы;Запрос условий сервиса / КП;телефон;sibir@bikz.ru;8-800-333-19-19;;Запрос условий для B2B-площадки ПРОМКОНТУР — Котельное оборудование;;;;;;;;;не отправлено;
67;Перекачка, трубопровод, вода;Котельное оборудование;Резерв;Plumber Rus (эксклюзивный дистрибьютор Baltur);офиц. дистрибьютор (горелки, Италия);горелки;Запрос условий сервиса / КП;email/телефон;info@baltur.su;+7 (495) 101-15-75;;Запрос условий для B2B-площадки ПРОМКОНТУР — Котельное оборудование;;;;;;;;;не отправлено;
68;Перекачка, трубопровод, вода;Котельное оборудование;Неделя 2;Eremias Rus (eremias.ru);российский производитель модульных дымоходов из нержавеющей стали;Дымоходы и газоходы;Запрос условий сервиса / КП;e-mail / телефон;sales@eremias.ru;+7 (495) 664-23-78;https://eremias.ru/promyshlennye-dymohody/;Запрос условий для B2B-площадки ПРОМКОНТУР — Котельное оборудование;;;;;;;;;не отправлено;
69;Перекачка, трубопровод, вода;Котельное оборудование;Неделя 2;РКМ Корп (roskotlomash.pro);производитель промышленных дымоходов и газоходов «под ключ»;Дымоходы и газоходы;Запрос условий сервиса / КП;e-mail;roskotlomash@yandex.ru;;https://roskotlomash.pro/products/;Запрос условий для B2B-площадки ПРОМКОНТУР — Котельное оборудование;;;;;;;;;не отправлено;
70;Перекачка, трубопровод, вода;Водоподготовка;Неделя 1;Гейзер (geizer.com);производитель + эксклюзивный дистрибьютор импортных комплектующих;обратный осмос, умягчение, обезжелезивание, механическая фильтрация, УФ, мембраны, смолы, загрузки;Запрос дилерских условий;страница «Поставщикам/дилерам»;;;https://geizer.com/about/supply/;Дилерство Гейзер, Clack, GE Osmonics, Pentair, Purolite, HM Digital, Runxin — ПРОМКОНТУР, направление «Водоподготовка»;;;;;;;;;не отправлено;
71;Перекачка, трубопровод, вода;Водоподготовка;Неделя 2;osmos.iceberg-filter.ru (iceberg-filter.ru);производитель систем обратного осмоса;обратный осмос, дозирование реагентов;Запрос дилерских условий;телефон/форма;;8 (800) 505-50-39;https://osmos.iceberg-filter.ru/punkty_vydachi_zakazov_dostavka/uslviya-dileram/;Дилерство Iceberg, osmos — ПРОМКОНТУР, направление «Водоподготовка»;;;;;;;;;не отправлено;
72;Перекачка, трубопровод, вода;Водоподготовка;Резерв;Vontron Technology;производитель мембран (Китай, публичная компания, входит в CRRC Group);мембраны, смолы, загрузки;Завод в Китае: цены, OEM, дистрибуция;форма на сайте;;;https://en.vontron.com/;Distribution in Russia — Vontron / ПРОМКОНТУР;;;;;;;;;не отправлено;
73;Перекачка, трубопровод, вода;Очистные сооружения;Неделя 1;ТОПОЛ-ЭКО / ТОПАС;производитель (>20 лет на рынке, 10–13 складов по РФ);биологическая очистка, ливневые, жироуловители, нефте- и пескоуловители;Агентская схема — вознаграждение за заявку;форма на сайте / телефон;;+7 (495) 789-69-37;https://www.topol-eco.ru/for-dealers/;Партнёрство по привлечению заказчиков — Очистные сооружения;;;;;;;;;не отправлено;
74;Перекачка, трубопровод, вода;Очистные сооружения;Неделя 2;АО «Флотенк»;производитель (СПб, стеклопластиковые корпуса методом машинной намотки);КНС, флотаторы, нефте- и пескоуловители, обезвоживание осадка;Запрос условий сервиса / КП;телефон/email;sale@flotenk.ru;8 800 700 48 87;https://flotenk.ru/products/nasosnye-stantsii/;Запрос условий для B2B-площадки ПРОМКОНТУР — Очистные сооружения;;;;;;;;;не отправлено;
75;Перекачка, трубопровод, вода;Очистные сооружения;Резерв;ООО «СБМ-Групп» / ЮНИЛОС;производитель/поставщик КНС и очистных;КНС, биологическая очистка;Запрос дилерских условий;email/личный кабинет партнёра;partner@unilos.ru;+7 (495) 279-25-35;https://partner.unilos.ru/;Дилерство ЮНИЛОС, СБМ-Групп — ПРОМКОНТУР, направление «Очистные сооружения»;;;;;;;;;не отправлено;
76;Перекачка, трубопровод, вода;Пожарное оборудование;Неделя 1;ЗАО «ПО «Спецавтоматика» (Бийск);производитель (единственное предприятие в РФ с полным спектром оборудования для систем водяного/пенного пожаротушения, сигнализации);насосные станции пожаротушения, шкафы управления пожарными насосами, узлы управления, оросители, приборы и извещатели;Запрос дилерских условий;email/телефон отдела продаж;sales@sa-biysk.ru;8-800-2008-208;https://sa-biysk.ru/offices/;Дилерство Спецавтоматика — ПРОМКОНТУР, направление «Пожарное оборудование»;;;;;;;;;не отправлено;
77;Перекачка, трубопровод, вода;Пожарное оборудование;Неделя 1;АДЛ;производитель (арматура, включая пожарные клапаны);пожарные клапаны;Запрос дилерских условий;телефон/email;info@adl.ru;+7 (495) 937-89-68;https://adl.ru/;Дилерство АДЛ — ПРОМКОНТУР, направление «Пожарное оборудование»;;;;;;;;;не отправлено;
78;Перекачка, трубопровод, вода;Пожарное оборудование;Неделя 2;ООО «ПОЖТЕХКОМ» (ptk53.ru);поставщик/производитель пожарных шкафов и рукавов (Великий Новгород/Боровичи);пожарные шкафы и рукава;Запрос условий сервиса / КП;телефон/прайс на сайте;;;https://ptk53.ru/prays_list;Запрос условий для B2B-площадки ПРОМКОНТУР — Пожарное оборудование;;;;;;;;;не отправлено;
79;Перекачка, трубопровод, вода;Пожарное оборудование;Резерв;«Первая Пожарная Компания» (01ppk.ru);мультибрендовый дистрибьютор (офиц. представитель Спецавтоматика Бийск, БЗТМ, Гидрант, Уралмеханика, Огнеза);насосные станции пожаротушения, узлы управления, пожарные шкафы и рукава;Запрос дилерских условий;форма на сайте;;;http://01ppk.ru/dileram/;Дилерство Спецавтоматика, БЗТМ, Гидрант, Уралмеханика, Огнеза — ПРОМКОНТУР, направление «Пожарное оборудование»;;;;;;;;;не отправлено;
80;Воздух, климат и очистка;Компрессоры;Неделя 1;Бежецкий завод АСО;производитель;Винтовые, Поршневые, Ресиверы, Запчасти и сервисные комплекты;Запрос дилерских условий;форма на сайте;;;https://asobezh.ru/promo/partner/;Дилерство АСО — ПРОМКОНТУР, направление «Компрессоры»;;;;;;;;;не отправлено;
81;Воздух, климат и очистка;Компрессоры;Неделя 1;ЗАО «Ремеза» / ТД Ремеза;производитель;Винтовые, Поршневые, Осушители рефрижераторные и адсорбционные, Ресиверы;Запрос дилерских условий;личный кабинет / телефон;;8-800-511-31-05;https://www.remeza-logistic.ru/;Дилерство Remeza — ПРОМКОНТУР, направление «Компрессоры»;;;;;;;;;не отправлено;
82;Воздух, климат и очистка;Компрессоры;Неделя 1;Компрессорный завод «Арсмаш» (ЗИФ);производитель;Винтовые, Поршневые, Запчасти и сервисные комплекты;Запрос дилерских условий;форма на сайте / телефон;diler@zif.su;8-800-200-28-43;https://diler.zif.su/;Дилерство ЗИФ — ПРОМКОНТУР, направление «Компрессоры»;;;;;;;;;не отправлено;
83;Воздух, климат и очистка;Компрессоры;Неделя 2;КАЙШАН РУС / Кайшан Компрессор РУС;офиц. дистрибьютор;Винтовые, Ресиверы;Запрос дилерских условий;e-mail / телефон;info@kaishanrus.com;+7 800 444-11-07;https://www.kaishanrus.com/;Дилерство Kaishan — ПРОМКОНТУР, направление «Компрессоры»;;;;;;;;;не отправлено;
84;Воздух, климат и очистка;Компрессоры;Неделя 2;ООО «БИГ Фильтр» (BIG FILTER);производитель;Магистральные фильтры и сепараторы, Запчасти и сервисные комплекты;Запрос дилерских условий;форма на сайте;;;https://bigfilter.com/partnership/dealers/;Дилерство BIG FILTER — ПРОМКОНТУР, направление «Компрессоры»;;;;;;;;;не отправлено;
85;Воздух, климат и очистка;Вентиляция и климат;Неделя 1;Systemair (ООО «Системэйр»);производитель;ПВУ, Радиальные и осевые вентиляторы, Крышные и канальные вентиляторы, Воздушно-отопительные агрегаты;Запрос дилерских условий;e-mail;info@systemair-rus.ru;;https://systemy-rus.ru/diller;Дилерство Systemair, Geniox, Topvex — ПРОМКОНТУР, направление «Вентиляция и климат»;;;;;;;;;не отправлено;
86;Воздух, климат и очистка;Вентиляция и климат;Неделя 1;Арктос (air-vent.pro);офиц. представитель / производитель;Радиальные и осевые вентиляторы, Клапаны и решётки;Запрос дилерских условий;e-mail / телефон;zakaz@air-vent.pro;+7 495 128 94 50;https://air-vent.pro/;Дилерство Арктос — ПРОМКОНТУР, направление «Вентиляция и климат»;;;;;;;;;не отправлено;
87;Воздух, климат и очистка;Вентиляция и климат;Неделя 1;Shuft;дистрибьюторская сеть (shuft.pro/ru-shuft.com);Чиллеры и фанкойлы, ПВУ;Запрос дилерских условий;e-mail;info@shuft.pro;;https://shuft.pro/partners/;Дилерство Shuft — ПРОМКОНТУР, направление «Вентиляция и климат»;;;;;;;;;не отправлено;
88;Воздух, климат и очистка;Вентиляция и климат;Неделя 2;ООО «Элстат»;производитель;Воздуховоды, Клапаны и решётки;Запрос условий сервиса / КП;форма на сайте;;;http://electroplaters.ru/catalog/elstat/;Запрос условий для B2B-площадки ПРОМКОНТУР — Вентиляция и климат;;;;;;;;;не отправлено;
89;Воздух, климат и очистка;Промышленный холод;Неделя 1;Polair (Инвест-холод, Марий-Эл);производитель;ККБ, Холодильные агрегаты и централи, Воздухоохладители, Автоматика, компрессоры, хладагенты;Запрос дилерских условий;форма на сайте / телефон;;;https://www.polair-shop.ru/;Дилерство Polair — ПРОМКОНТУР, направление «Промышленный холод»;;;;;;;;;не отправлено;
90;Воздух, климат и очистка;Промышленный холод;Неделя 2;«Полюс холода» (siss.ru);мультибрендовый дилер;Холодильные камеры, ККБ, Холодильные агрегаты и централи;Подключение прайса и остатков;форма на сайте;;;https://siss.ru/firm/polyus-kholoda;Подключение прайса Cryspi, Polair, Rada, Abat, Intercold, МХМ, Ирбис, Ариада к площадке ПРОМКОНТУР;;;;;;;;;не отправлено;
91;Воздух, климат и очистка;Промышленный холод;Резерв;Ариада;производитель;ККБ, Холодильные агрегаты и централи;Запрос условий сервиса / КП;форма на сайте;;;https://ural-mart.ru/;Запрос условий для B2B-площадки ПРОМКОНТУР — Промышленный холод;;;;;;;;;не отправлено;
92;Воздух, климат и очистка;Промышленные фильтры;Неделя 1;ООО «БИГ Фильтр» (BIG FILTER);производитель;Воздушные для компрессоров и двигателей, Масляные и топливные, Гидравлические;Запрос дилерских условий;форма на сайте;;;https://bigfilter.com/partnership/dealers/;Дилерство BIG FILTER — ПРОМКОНТУР, направление «Промышленные фильтры»;;;;;;;;;не отправлено;
93;Воздух, климат и очистка;Промышленные фильтры;Неделя 2;ООО «ДСТС» (Donaldson);офиц. дистрибьютор;Воздушные для компрессоров и двигателей, Гидравлические, Для жидкостей и мешочные;Запрос дилерских условий;телефон / e-mail;;+7 495 987-39-99;https://filters-dsts.ru/;Дилерство Donaldson — ПРОМКОНТУР, направление «Промышленные фильтры»;;;;;;;;;не отправлено;
94;Воздух, климат и очистка;Промышленные фильтры;Неделя 2;ООО «Элстат»;производитель;Вентиляционные карманные/панельные, Картриджи для аспирации, Корпуса фильтров;Запрос условий сервиса / КП;форма на сайте;;;http://electroplaters.ru/catalog/elstat/;Запрос условий для B2B-площадки ПРОМКОНТУР — Промышленные фильтры;;;;;;;;;не отправлено;
95;Воздух, климат и очистка;Пылеулавливание и аспирация;Неделя 1;Завод АСПИРАТОР;производитель;Циклоны, Рукавные фильтры, Агрегаты для деревообработки, Местные отсосы;Агентская схема — вознаграждение за заявку;форма на сайте;;;https://aspirator.pro/;Партнёрство по привлечению заказчиков — Пылеулавливание и аспирация;;;;;;;;;не отправлено;
96;Воздух, климат и очистка;Пылеулавливание и аспирация;Неделя 1;АО «СовПлим»;производитель;Рукавные фильтры, Картриджные, Циклоны;Агентская схема — вознаграждение за заявку;телефон;;8 800 555-83-03;;Партнёрство по привлечению заказчиков — Пылеулавливание и аспирация;;;;;;;;;не отправлено;
97;Воздух, климат и очистка;Пылеулавливание и аспирация;Неделя 2;ЗАО «Консар» (Саров);производитель;Циклоны, Местные отсосы, Шлюзовые затворы и рукава;Агентская схема — вознаграждение за заявку;e-mail / телефон;konsar@yandex.ru;+7 (3952) 999-008;https://konsar.ru/;Партнёрство по привлечению заказчиков — Пылеулавливание и аспирация;;;;;;;;;не отправлено;
98;Воздух, климат и очистка;Пылеулавливание и аспирация;Неделя 2;ООО «Элстат» (ЭФВА для сварки);производитель;ФВА для сварки, Картриджные;Запрос условий сервиса / КП;форма на сайте;;;http://electroplaters.ru/catalog/elstat/;Запрос условий для B2B-площадки ПРОМКОНТУР — Пылеулавливание и аспирация;;;;;;;;;не отправлено;
99;Воздух, климат и очистка;Очистка воздуха и газов;Неделя 1;НПО «Центр «ШВ»;производитель;Скрубберы, Адсорберы, Термическое/каталитическое окисление;Агентская схема — вознаграждение за заявку;форма (опросный лист) на сайте;;;https://xn----7sbbidzcq8ah0am6d.xn--p1ai/gas-scrubber.html;Партнёрство по привлечению заказчиков — Очистка воздуха и газов;;;;;;;;;не отправлено;
100;Воздух, климат и очистка;Очистка воздуха и газов;Неделя 1;ООО «ЭКАТ» (Пермь);производитель;Термическое/каталитическое окисление, Скрубберы;Агентская схема — вознаграждение за заявку;форма на сайте;;+7 (342) 255-44-39;https://ekokataliz.ru/contacts/;Партнёрство по привлечению заказчиков — Очистка воздуха и газов;;;;;;;;;не отправлено;
101;Воздух, климат и очистка;Очистка воздуха и газов;Неделя 1;ФИНГО (ПАО «СЗГО», Семибратовский завод газоочистного оборудования);производитель;Электрофильтры, Туманоуловители;Агентская схема — вознаграждение за заявку;телефон / e-mail;info@fingo.tech;+7 495 118-94-07;https://fingo.tech/ru/products/elektrofiltry/;Партнёрство по привлечению заказчиков — Очистка воздуха и газов;;;;;;;;;не отправлено;
102;Воздух, климат и очистка;Очистка воздуха и газов;Неделя 2;АО «Кондор-Эко» (Семибратово);производитель;Электрофильтры;Агентская схема — вознаграждение за заявку;телефон / форма на сайте;info@kondor-eco.ru;+7(4852)20-80-25;https://kondor-eco.ru/product/elecfilter/90-jelektrofiltry-tipa-ogp-og.html;Партнёрство по привлечению заказчиков — Очистка воздуха и газов;;;;;;;;;не отправлено;
103;Воздух, климат и очистка;Очистка воздуха и газов;Неделя 2;АО «Редкинский катализаторный завод»;производитель;Сорбенты и катализаторы;Запрос дилерских условий;телефон / e-mail;redk_catalys@bk.ru;(495) 411-94-25;https://recatalys.ru/contacts/;Дилерство РК, ПК, АПН — ПРОМКОНТУР, направление «Очистка воздуха и газов»;;;;;;;;;не отправлено;
104;Воздух, климат и очистка;Очистка воздуха и газов;Неделя 2;ООО «Евротехлаб» (ETL);производитель;Мониторинг выбросов;Агентская схема — вознаграждение за заявку;e-mail / форма на сайте;office@evrotechlab.ru;;https://evrotechlab.ru/equipment/kompleks-postojannogo-kontrolja-vybrosov/;Партнёрство по привлечению заказчиков — Очистка воздуха и газов;;;;;;;;;не отправлено;
105;Воздух, климат и очистка;Очистка воздуха и газов;Резерв;ЗАО НТЦ «Пергам»;производитель;Мониторинг выбросов;Агентская схема — вознаграждение за заявку;телефон / e-mail;gasleak@pergam.ru;+7(495) 775-75-25;https://www.pergam.ru/catalog/pci/eco/askv-pergam.htm;Партнёрство по привлечению заказчиков — Очистка воздуха и газов;;;;;;;;;не отправлено;
106;Воздух, климат и очистка;Промышленные печи и сушильные камеры;Неделя 1;Terawood (sushilnyekamery.com);производитель;Сушильные камеры для древесины;Агентская схема — вознаграждение за заявку;форма на сайте;;;https://sushilnyekamery.com/partnyorskaya-programma;Партнёрство по привлечению заказчиков — Промышленные печи и сушильные камеры;;;;;;;;;не отправлено;
107;Воздух, климат и очистка;Промышленные печи и сушильные камеры;Неделя 2;ООО «ЛКП Инжиниринг» (NOVA);производитель;Сушильные камеры для древесины;Агентская схема — вознаграждение за заявку;телефон / e-mail;info@nova.ru;+7(495)526-69-56;https://nova.ru/;Партнёрство по привлечению заказчиков — Промышленные печи и сушильные камеры;;;;;;;;;не отправлено;
108;Воздух, климат и очистка;Промышленные печи и сушильные камеры;Неделя 2;СНОЛ-ТЕРМ (офиц. дистрибьютор SNOL);офиц. дистрибьютор;Муфельные печи, Сушильные шкафы, Печи термообработки;Запрос дилерских условий;телефон / e-mail;info@snol-term.ru;+7 (4822) 399-579;https://snol-term.ru/;Дилерство SNOL — ПРОМКОНТУР, направление «Промышленные печи и сушильные камеры»;;;;;;;;;не отправлено;
109;Воздух, климат и очистка;Промышленные печи и сушильные камеры;Резерв;ЗАО «Накал-Промышленные печи»;производитель;Печи термообработки, Сушильные шкафы, Нагреватели и горелки;Агентская схема — вознаграждение за заявку;телефон;;+7 (495) 994-08-86;https://www.nakal.ru/;Партнёрство по привлечению заказчиков — Промышленные печи и сушильные камеры;;;;;;;;;не отправлено;
110;Механика, привод, запчасти;Редукторы и мотор-редукторы;Неделя 1;Завод редукторов ZR (zavod-red.ru);производитель (свой);Червячные, Цилиндрические соосные, Коническо-цилиндрические, Планетарные, Общепромышленные Ц2У, 1Ц2У, РМ, Плоские насадные;Подключение прайса и остатков;личный кабинет / прямая интеграция;;;https://zavod-red.ru;Подключение прайса ZR к площадке ПРОМКОНТУР;;;;;;;;;не отправлено;
111;Механика, привод, запчасти;Редукторы и мотор-редукторы;Неделя 2;ООО «Компания АСТАТ» (Новосибирск) — офиц. представитель Guomao;офиц. дистрибьютор;Червячные, Цилиндрические соосные, Коническо-цилиндрические, Планетарные;Завод в Китае: цены, OEM, дистрибуция;телефон / форма на сайте;;+7 (383) 341-70-00;https://astat85.ru;Distribution in Russia — Guomao (Jiangsu Guomao Reducer) / ПРОМКОНТУР;;;;;;;;;не отправлено;
112;Механика, привод, запчасти;Редукторы и мотор-редукторы;Неделя 2;Swiss Drive Systems (sdrives.ru) — прямой поставщик Boneng Transmission;офиц. дистрибьютор;Вариаторы и запчасти, Планетарные, Цилиндрические соосные;Завод в Китае: цены, OEM, дистрибуция;форма на сайте;;;https://sdrives.ru;Distribution in Russia — Boneng / ПРОМКОНТУР;;;;;;;;;не отправлено;
113;Механика, привод, запчасти;Редукторы и мотор-редукторы;Неделя 2;ООО «Йилмаз Рус» (yilmaz-rus.ru / yr.com.ru);офиц. дистрибьютор;Коническо-цилиндрические, Цилиндрические соосные, Плоские насадные;Запрос дилерских условий;форма на сайте;;;https://yilmaz-rus.ru;Дилерство Yılmaz Redüktör, ELK Motor, GAMAK — ПРОМКОНТУР, направление «Редукторы и мотор-редукторы»;;;;;;;;;не отправлено;
114;Механика, привод, запчасти;Редукторы и мотор-редукторы;Резерв;«СПАРКС» (Новосибирск) — офиц. представитель Wuhan Supror / SUPROR;офиц. дистрибьютор;Цилиндрические соосные, Планетарные;Завод в Китае: цены, OEM, дистрибуция;форма на сайте;;;https://supror.ru;Distribution in Russia — Supror / ПРОМКОНТУР;;;;;;;;;не отправлено;
115;Механика, привод, запчасти;Редукторы и мотор-редукторы;Резерв;ГК «Новые технологии» / завод «РЕДУКТОР» (reduktor.nt-rt.ru);производитель / дистрибьютор;Общепромышленные Ц2У, 1Ц2У, РМ, Плоские насадные;Запрос дилерских условий;телефон / e-mail;rkd@nt-rt.ru;+7 (495) 268-04-70;https://reduktor.nt-rt.ru;Дилерство РЕДУКТОР — ПРОМКОНТУР, направление «Редукторы и мотор-редукторы»;;;;;;;;;не отправлено;
116;Механика, привод, запчасти;Подшипники и комплектующие;Неделя 1;ООО «2РС» / ТД «Росподшипник» (2rs.ru);офиц. дистрибьютор;Шариковые, Роликовые;Запрос дилерских условий;телефон / e-mail;zakaz@2rs.ru;8 (800) 100-57-07;https://2rs.ru/contacts/;Дилерство CRAFT bearings, МПЗ, ВПЗ, 10-ГПЗ, АПЗ-20, Rospod — ПРОМКОНТУР, направление «Подшипники и комплектующие»;;;;;;;;;не отправлено;
117;Механика, привод, запчасти;Подшипники и комплектующие;Неделя 1;ТД ЕПК (epkgroup.ru);производитель (единственный законный сбытовой канал);Роликовые, Шариковые;Запрос условий сервиса / КП;телефон;;+7 (495) 775-8130;https://epkgroup.ru/products/services/;Запрос условий для B2B-площадки ПРОМКОНТУР — Подшипники и комплектующие;;;;;;;;;не отправлено;
118;Механика, привод, запчасти;Подшипники и комплектующие;Неделя 2;ООО «КПД М» (Мытищи) — офиц. дистрибьютор МПЗ в РФ;офиц. дистрибьютор;Роликовые;Запрос дилерских условий;форма на сайте;;;https://mpz-belarus.ru;Дилерство МПЗ (Минский подшипниковый завод, бывш. ГПЗ-11) — ПРОМКОНТУР, направление «Подшипники и комплектующие»;;;;;;;;;не отправлено;
119;Механика, привод, запчасти;Подшипники и комплектующие;Неделя 2;ООО «Иннер Инжиниринг» (inner.su / thk.su);офиц. дистрибьютор;Шариковые, Роликовые, Линейные направляющие и втулки;Запрос дилерских условий;e-mail;sale@inner.su;+7 (499) 302-16-40;https://thk.su;Дилерство ZWZ, THK — ПРОМКОНТУР, направление «Подшипники и комплектующие»;;;;;;;;;не отправлено;
120;Механика, привод, запчасти;Подшипники и комплектующие;Неделя 2;ООО «АКСДЕКОМ» (aksdekom.ru);дистрибьютор;Приводные ремни, Цепи и звёздочки, Муфты;Запрос дилерских условий;e-mail / телефон;info@aksdekom.ru;+7 (495) 41-41-788;https://www.aksdekom.ru;Дилерство мультибрендовый (шкивы, ремни, цепи, звёздочки, муфты) — ПРОМКОНТУР, направление «Подшипники и комплектующие»;;;;;;;;;не отправлено;
121;Механика, привод, запчасти;Подшипники и комплектующие;Резерв;Xingtai-кластер РТИ (bpseal.com, en.wm-seal.com, xtxstyf.com);производитель (Китай, без РФ-представительства);Манжеты и сальники;ВЭД-партнёр: импорт под ключ;форма на сайте / Alibaba;;;https://en.wm-seal.com;Регулярный импорт промоборудования из Китая — ПРОМКОНТУР;;;;;;;;;не отправлено;
122;Механика, привод, запчасти;Подшипники и комплектующие;Неделя 2;Inner (snl-inner.ru);российский поставщик разъёмных подшипниковых корпусов SNL в сборе;Корпусные подшипниковые узлы;Запрос дилерских условий;телефон / e-mail;sale@inner.su;+7 (499) 302-16-40;https://snl-inner.ru/;Дилерство SNL, SKF, FAG/INA, NSK, NTN, Timken — ПРОМКОНТУР, направление «Подшипники и комплектующие»;;;;;;;;;не отправлено;
123;Механика, привод, запчасти;Подшипники и комплектующие;Неделя 2;ГК BBCR (tdbbc.ru);производитель разъёмных подшипниковых узлов для тяжёлой промышленности;Корпусные подшипниковые узлы;Запрос дилерских условий;телефон / e-mail;zakaz@tdbbc.ru;+7 (495) 150-25-05;https://tdbbc.ru/razyomnye-korpusa/;Дилерство BBCR — ПРОМКОНТУР, направление «Подшипники и комплектующие»;;;;;;;;;не отправлено;
124;Механика, привод, запчасти;Запчасти для производства;Неделя 1;ООО «РезиноМир» (rti-land.ru);производитель / поставщик;Ремкомплекты насосов и компрессоров, РТИ и кольца, Прокладки и паронит, Изготовление деталей по чертежу;Запрос дилерских условий;форма на сайте;;;https://rti-land.ru;Дилерство РезиноМир — ПРОМКОНТУР, направление «Запчасти для производства»;;;;;;;;;не отправлено;
125;Механика, привод, запчасти;Запчасти для производства;Неделя 2;ARP (arp-parts.ru);производитель;Ремкомплекты насосов и компрессоров, РТИ и кольца, Прокладки и паронит;Запрос дилерских условий;телефон;;+7 (495) 540-43-57;https://arp-parts.ru;Дилерство ARP — ПРОМКОНТУР, направление «Запчасти для производства»;;;;;;;;;не отправлено;
126;Механика, привод, запчасти;Запчасти для производства;Неделя 1;ООО «Компания Машкрепеж» (rus-bolt.ru);дилерская сеть;Крепёж;Запрос дилерских условий;e-mail / телефон;sales@rus-bolt.ru;+7 (499) 372-77-77;https://www.rus-bolt.ru;Дилерство мультибрендовый крепёж и метизы — ПРОМКОНТУР, направление «Запчасти для производства»;;;;;;;;;не отправлено;
127;Механика, привод, запчасти;Запчасти для производства;Неделя 2;ГК «Параллель» (bolt57.ru);производитель;Крепёж;Запрос дилерских условий;форма на сайте;;;https://www.bolt57.ru;Дилерство Параллель — ПРОМКОНТУР, направление «Запчасти для производства»;;;;;;;;;не отправлено;
128;Механика, привод, запчасти;Запчасти для производства;Резерв;Xingtai S&P Mechanical Seal Factory (bpseal.com) и кластер Синтая;производитель (Китай);Торцевые уплотнения;ВЭД-партнёр: импорт под ключ;форма на сайте / Alibaba;;;https://bpseal.com;Регулярный импорт промоборудования из Китая — ПРОМКОНТУР;;;;;;;;;не отправлено;
129;Механика, привод, запчасти;Запчасти для производства;Резерв;ГК «Новые технологии» / СПЕЦИЗДЕЛИЕ (pgsi.nt-rt.ru);дистрибьютор;Ремкомплекты насосов и компрессоров, Запчасти для станков и линий;Запрос дилерских условий;e-mail / телефон;png@nt-rt.ru;+7 (495) 268-04-70;https://pgsi.nt-rt.ru;Дилерство СПЕЦИЗДЕЛИЕ — ПРОМКОНТУР, направление «Запчасти для производства»;;;;;;;;;не отправлено;
130;Механика, привод, запчасти;Запчасти для производства;Неделя 2;ОМЗ «Леотек» (leotec.ru);контрактное производство полного цикла (изготовление деталей по чертежам, ЧПУ);Изготовление деталей по чертежу (контрактные ЧПУ-производства с B2B-сервисом заказа);Запрос условий сервиса / КП;e-mail / форма на сайте;cnc@leotec.ru;8 800 333-71-55;https://www.leotec.ru/metalloobrabotka/;Запрос условий для B2B-площадки ПРОМКОНТУР — Запчасти для производства;;;;;;;;;не отправлено;
131;Механика, привод, запчасти;Запчасти для производства;Неделя 2;ВТМ (vtmehanika.ru);контрактное производство деталей на станках с ЧПУ на заказ;Изготовление деталей по чертежу (контрактные ЧПУ-производства с B2B-сервисом заказа);Запрос условий сервиса / КП;e-mail / форма на сайте;VTMEHANIKA@GMAIL.COM;+7 (495) 762 01 77;https://vtmehanika.ru/izgotovlenie-detalej-na-zakaz/izgotovlenie-detalej-chpu-na-zakaz/;Запрос условий для B2B-площадки ПРОМКОНТУР — Запчасти для производства;;;;;;;;;не отправлено;
132;Механика, привод, запчасти;Конвейерное оборудование;Неделя 1;ООО «Русконбельт» (rusconbelt.ru);офиц. дилер;Ролики и роликоопоры, Ленты, Мотор-барабаны, Приводные барабаны, Конвейеры под заказ;Запрос дилерских условий;телефон / e-mail;info@rusconbelt.ru;+7 (495) 234-23-57;https://rusconbelt.ru/kontakty/;Дилерство Interroll — ПРОМКОНТУР, направление «Конвейерное оборудование»;;;;;;;;;не отправлено;
133;Механика, привод, запчасти;Конвейерное оборудование;Неделя 2;ООО «Детали машин» (bearing-spb.ru) — авторизованный дистрибьютор TSUBAKI;офиц. дистрибьютор;Цепи;Запрос дилерских условий;e-mail / телефон;sales@bearing-spb.ru;+7 (812) 676-28-16;https://www.bearing-spb.ru;Дилерство Tsubaki — ПРОМКОНТУР, направление «Конвейерное оборудование»;;;;;;;;;не отправлено;
134;Механика, привод, запчасти;Конвейерное оборудование;Резерв;Tangshan Jieli Electromechanical Equipment (Китай);производитель (Китай, без РФ-представительства);Ролики и роликоопоры;ВЭД-партнёр: импорт под ключ;форма на сайте / Alibaba;;;;Регулярный импорт промоборудования из Китая — ПРОМКОНТУР;;;;;;;;;не отправлено;
135;Механика, привод, запчасти;Конвейерное оборудование;Неделя 2;ЦЕНТРОБЕЛТ (centrobelt.ru);поставщик очистителей конвейерных лент Flexco в России;Очистители лент и футеровка;Запрос дилерских условий;телефон / e-mail;info@centrobelt.ru;+7 495 133-95-28;https://centrobelt.ru/Flexco/Belt-Cleaning-Systems/;Дилерство Flexco — ПРОМКОНТУР, направление «Конвейерное оборудование»;;;;;;;;;не отправлено;
136;Механика, привод, запчасти;Конвейерное оборудование;Неделя 2;ООО «Футурум» (futerovka-futurum.ru);российский производитель быстросъёмных элементов футеровки барабанов;Очистители лент и футеровка;Запрос условий сервиса / КП;форма на сайте / e-mail;futerovkaooo@inbox.ru;;https://futerovka-futurum.ru/;Запрос условий для B2B-площадки ПРОМКОНТУР — Конвейерное оборудование;;;;;;;;;не отправлено;
137;Механика, привод, запчасти;Подъёмное оборудование;Неделя 1;ООО ТД ТОР (gkrem.ru/dealer);дилерская сеть;Электротали, Ручные тали и лебёдки, Электролебёдки, Кран-балки, Запчасти;Запрос дилерских условий;личный кабинет дилера / телефон;;8-800-956-96-96;https://gkrem.ru/dealer/;Дилерство TOR — ПРОМКОНТУР, направление «Подъёмное оборудование»;;;;;;;;;не отправлено;
138;Механика, привод, запчасти;Подъёмное оборудование;Неделя 2;TOR Industries — прямой представитель (tor-industries.pro);офиц. представитель;Электротали, Кран-балки;Запрос дилерских условий;телефон;zakaz@tor-industries.pro;+7 (499) 302-34-08;https://www.tor-industries.pro;Дилерство TOR — ПРОМКОНТУР, направление «Подъёмное оборудование»;;;;;;;;;не отправлено;
139;Механика, привод, запчасти;Подъёмное оборудование;Резерв;ООО «ВЕКТОР» (tor-1.ru) — офиц. представитель TOR;офиц. представитель;Электротали, Ручные тали и лебёдки, Электролебёдки;Запрос дилерских условий;форма на сайте;;;https://tor-1.ru;Дилерство TOR — ПРОМКОНТУР, направление «Подъёмное оборудование»;;;;;;;;;не отправлено;
140;Механика, привод, запчасти;Подъёмное оборудование;Резерв;Nucleon (Xinxiang) Crane Co. (Китай);производитель (без подтверждённого РФ-дистрибьютора);Козловые и консольные краны, Электротали;ВЭД-партнёр: импорт под ключ;форма на сайте / Alibaba;;;;Регулярный импорт промоборудования из Китая — ПРОМКОНТУР;;;;;;;;;не отправлено;
141;Механика, привод, запчасти;Промышленная химия;Неделя 1;SINTEC Lubricants (sinteclubricants.ru);производитель;Гидравлические масла, Редукторные и индустриальные, Компрессорные и турбинные, Смазки, Антикоррозионные составы;Запрос дилерских условий;форма «Стать дистрибьютором»;info@sintec.pro;8 800 201 40 40;https://sinteclubricants.ru/kompaniya/cooperation/;Дилерство SINTEC — ПРОМКОНТУР, направление «Промышленная химия»;;;;;;;;;не отправлено;
142;Механика, привод, запчасти;Промышленная химия;Неделя 2;ООО «ТК «Гранд» — офиц. дистрибьютор Sinopec (sinopecrussia.ru);офиц. дистрибьютор;Гидравлические масла, Редукторные и индустриальные, Компрессорные и турбинные, Смазки;Запрос дилерских условий;форма на сайте;;;https://sinopecrussia.ru;Дилерство Sinopec / Great Wall Lubricant — ПРОМКОНТУР, направление «Промышленная химия»;;;;;;;;;не отправлено;
143;Механика, привод, запчасти;Промышленная химия;Резерв;«ЭнергоТехСервис» — офиц. дистрибьютор Sinopec GS200-L;офиц. дистрибьютор;Компрессорные и турбинные;Запрос дилерских условий;форма на сайте;;;;Дилерство Sinopec — ПРОМКОНТУР, направление «Промышленная химия»;;;;;;;;;не отправлено;
144;Механика, привод, запчасти;Промышленная химия;Неделя 2;ЛЛК-Интернешнл / ЛУКОЙЛ (b2b.lukoil-shop.ru, licard.ru);производитель;Гидравлические масла, Редукторные и индустриальные, Смазки;Запрос дилерских условий;телефон;;8 800 700-8-700;https://b2b.lukoil-shop.ru;Дилерство ЛУКОЙЛ — ПРОМКОНТУР, направление «Промышленная химия»;;;;;;;;;не отправлено;
145;Механика, привод, запчасти;Промышленная химия;Неделя 2;Гремлос (gremlos.ru);российский производитель СОЖ, гидравлических масел и технических жидкостей;СОЖ и масла для металлообработки;Запрос дилерских условий;телефон / e-mail;gremlos@mail.ru;+7 (800) 301-12-93;https://gremlos.ru/;Дилерство Гремлос — ПРОМКОНТУР, направление «Промышленная химия»;;;;;;;;;не отправлено;
146;Механика, привод, запчасти;Промышленная химия;Неделя 2;ООО «Квадро» / CRC (crc-industries.ru);авторизованный мастер-дистрибьютор-импортёр CRC Industries в РФ;Промышленные очистители и обезжириватели;Запрос дилерских условий;форма на сайте;;;https://crc-industries.ru/;Дилерство CRC — ПРОМКОНТУР, направление «Промышленная химия»;;;;;;;;;не отправлено;
147;Механика, привод, запчасти;Оборудование для металлообработки;Неделя 1;ООО «ПромГрупп» — офиц. дистрибьютор GESAC (gesac.com.ru);офиц. дистрибьютор;Твердосплавные пластины, Свёрла, развёртки, метчики, Фрезы;Запрос дилерских условий;телефон / e-mail;info@promgrupp.ru;+7 (919) 191-71-13;https://gesac.com.ru/contacts;Дилерство GESAC (Xiamen Golden Egret Special Alloy) — ПРОМКОНТУР, направление «Оборудование для металлообработки»;;;;;;;;;не отправлено;
148;Механика, привод, запчасти;Оборудование для металлообработки;Неделя 1;«ИЗ-КП» / СИЗ-КП (iz-kp.ru, sizkp.ru), Екатеринбург;офиц. дилер Korloy;Твердосплавные пластины, Фрезы, Свёрла, развёртки, метчики;Запрос дилерских условий;e-mail / телефон;info@sizkp.ru;+7 (343) 251-99-09;https://iz-kp.ru;Дилерство Korloy, YG-1, Триникс — ПРОМКОНТУР, направление «Оборудование для металлообработки»;;;;;;;;;не отправлено;
149;Механика, привод, запчасти;Оборудование для металлообработки;Неделя 2;ООО «ЮВЕНДУС» (uvendus.ru), Самара;дистрибьютор;Токарные патроны, Тиски и оснастка, Оправки и цанги;Запрос дилерских условий;телефон / e-mail;order@uvendus.ru;+7 929 703-33-39;https://uvendus.ru;Дилерство Bison (Польша), БелТапаз (Беларусь), СиСаранкс, Starda Force — ПРОМКОНТУР, направление «Оборудование для металлообработки»;;;;;;;;;не отправлено;
150;Механика, привод, запчасти;Оборудование для металлообработки;Резерв;ООО «Московский станкостроительный завод» — офиц. поставщик БЗСП;офиц. дилер;Токарные патроны;Запрос дилерских условий;телефон;;8 495 258 82 89;https://mosstanko.ru;Дилерство БЗСП (Барановичский завод станкопринадлежностей) — ПРОМКОНТУР, направление «Оборудование для металлообработки»;;;;;;;;;не отправлено;
151;Механика, привод, запчасти;Оборудование для металлообработки;Неделя 2;Микрон (microntools.ru);крупный поставщик измерительного инструмента;Измерительный инструмент;Запрос дилерских условий;телефон / e-mail;sale03@microntools.ru;+7 (495) 104-72-41, 8 (800) 100-32-09;https://www.microntools.ru/;Дилерство Micron, мультибренд — ПРОМКОНТУР, направление «Оборудование для металлообработки»;;;;;;;;;не отправлено;
152;Механика, привод, запчасти;Промышленный инструмент;Неделя 1;JONNESWAY (jonnesway.ru);производитель / дилерская сеть;Пневмоинструмент, Динамометрический, Наборы ручного;Запрос дилерских условий;форма заявки на дилерство;;;https://www.jonnesway.ru/page/partner/;Дилерство Jonnesway, Ombra — ПРОМКОНТУР, направление «Промышленный инструмент»;;;;;;;;;не отправлено;
153;Механика, привод, запчасти;Промышленный инструмент;Неделя 1;ООО ТД ТОР (gkrem.ru/dealer);дилерская сеть;Гидравлические домкраты и съёмники, Пневмоинструмент;Запрос дилерских условий;личный кабинет дилера / телефон;;8-800-956-96-96;https://gkrem.ru/dealer/;Дилерство TOR — ПРОМКОНТУР, направление «Промышленный инструмент»;;;;;;;;;не отправлено;
154;Механика, привод, запчасти;Промышленный инструмент;Неделя 2;ООО «Толсен Рус»;офиц. дистрибьютор;Электроинструмент, Наборы ручного;Запрос дилерских условий;e-mail;sales@tolsentools.com;;;Дилерство Tolsen — ПРОМКОНТУР, направление «Промышленный инструмент»;;;;;;;;;не отправлено;
155;Механика, привод, запчасти;Промышленный инструмент;Резерв;ZYBR.BY / ZUBR-Russia (zubr-russia.ru, zubr-rus.ru);дилерская сеть (реселлеры бренда);Электроинструмент, Абразивы, Наборы ручного;Запрос дилерских условий;телефон / e-mail;zakaz@zubr-russia.ru;+7 (495) 477-51-50;https://zubr-russia.ru/about-us/;Дилерство ЗУБР — ПРОМКОНТУР, направление «Промышленный инструмент»;;;;;;;;;не отправлено;
156;Механика, привод, запчасти;Промышленный инструмент;Неделя 1;Poliroff (poliroff.ru);единственный производитель хлопковых абразивных кругов и головок в РФ;Абразивы и расходные материалы;Запрос дилерских условий;форма «Стать дилером» на сайте;;;https://poliroff.ru/diler/;Дилерство Poliroff — ПРОМКОНТУР, направление «Промышленный инструмент»;;;;;;;;;не отправлено;
157;Механика, привод, запчасти;Промышленный инструмент;Неделя 2;АО «Косулинский абразивный завод» (kosulino.ru);производитель шлифовальных кругов;Абразивы и расходные материалы;Запрос дилерских условий;форма на сайте;;;https://kosulino.ru/shlifovalnye-krugi/;Дилерство Косулинский абразивный завод — ПРОМКОНТУР, направление «Промышленный инструмент»;;;;;;;;;не отправлено;
158;Производство и обработка;Станки и ЧПУ;Неделя 1;Metal Master (представительство бренда, Москва);производитель/бренд-владелец (Китай, представительство РФ);Токарные ЧПУ и универсальные, Фрезерные и ОЦ, Листогибы, Гильотины и вальцы, Сверлильные и ленточнопильные;Запрос дилерских условий;форма «Стать дилером» / e-mail;info@metalmaster.ru;+7 (495) 374-64-07, 8 (800) 775-78-34;https://metalmaster.ru/dileram/;Дилерство Metal Master — ПРОМКОНТУР, направление «Станки и ЧПУ»;;;;;;;;;не отправлено;
159;Производство и обработка;Станки и ЧПУ;Неделя 1;Энергостан (energostan.ru);дилер Bodor / продавец широкой линейки листового и лазерного оборудования;Оптоволоконные лазеры, Листогибы, Гильотины и вальцы;Агентская схема — вознаграждение за заявку;форма на сайте;;;https://www.energostan.ru/uslugi/partner/;Партнёрство по привлечению заказчиков — Станки и ЧПУ;;;;;;;;;не отправлено;
160;Производство и обработка;Станки и ЧПУ;Неделя 2;ТД «Мироград» (bodor-rus.ru);«золотой дилер» Bodor в РФ;Оптоволоконные лазеры;Запрос дилерских условий;форма на сайте;;;https://bodor-rus.ru/;Дилерство Bodor — ПРОМКОНТУР, направление «Станки и ЧПУ»;;;;;;;;;не отправлено;
161;Производство и обработка;Станки и ЧПУ;Неделя 1;Станкоимпорт (si-tools.ru);производитель/прямой поставщик оборудования и инструмента, эксклюзивный импортёр HANS;Токарные ЧПУ и универсальные, Сверлильные и ленточнопильные;Запрос дилерских условий;телефон / форма на сайте;;(495) 127-9-777;https://si-tools.ru/;Дилерство HANS, Станкоимпорт — ПРОМКОНТУР, направление «Станки и ЧПУ»;;;;;;;;;не отправлено;
162;Производство и обработка;Станки и ЧПУ;Неделя 1;Интервесп (intervesp.ru);дистрибьютор станков (металл/дерево/мебель);Токарные ЧПУ и универсальные, Фрезерные и ОЦ;Запрос дилерских условий;форма «Дилерам»;;;https://intervesp.ru/company/dileram;Дилерство мультибренд — ПРОМКОНТУР, направление «Станки и ЧПУ»;;;;;;;;;не отправлено;
163;Производство и обработка;Станки и ЧПУ;Неделя 2;Балт-Систем (newbsystem.ru);производитель (устройства ЧПУ, приводы, сервоприводы);Системы ЧПУ и модернизация;Агентская схема — вознаграждение за заявку;форма на сайте;;;http://newbsystem.ru/;Партнёрство по привлечению заказчиков — Станки и ЧПУ;;;;;;;;;не отправлено;
164;Производство и обработка;Сварочное оборудование;Неделя 1;КЕДР / ГК «АВАНГАРД» (kedrweld.ru);бренд-владелец, сеть региональных дилеров (продукция Riland/КНР под локальным брендом с EAC);MIG/MAG, TIG, MMA;Запрос дилерских условий;e-mail / региональное представительство;info@kedrweld.ru;;https://kedrweld.ru/;Дилерство КЕДР — ПРОМКОНТУР, направление «Сварочное оборудование»;;;;;;;;;не отправлено;
165;Производство и обработка;Сварочное оборудование;Неделя 1;FoxWeld (foxweld.ru);производитель/поставщик с 1998 г., 10 региональных представительств;MIG/MAG, TIG, MMA, Плазменная резка, Горелки и комплектующие;Запрос дилерских условий;телефон / e-mail;info@foxweld.ru;8 (800) 250-78-85;https://foxweld.ru/;Дилерство FoxWeld — ПРОМКОНТУР, направление «Сварочное оборудование»;;;;;;;;;не отправлено;
166;Производство и обработка;Сварочное оборудование;Неделя 2;Сварог / ООО «Металлострой СПб» (svarog-rf.ru, ms-spb.com);официальный дистрибьютор Jasic (Shenzhen Jasic Technology) в РФ под брендом «Сварог»;MIG/MAG;Запрос дилерских условий;телефон / форма на сайте;;8 800 55-12-123;https://ms-spb.com/;Дилерство Сварог, Jasic — ПРОМКОНТУР, направление «Сварочное оборудование»;;;;;;;;;не отправлено;
167;Производство и обработка;Сварочное оборудование;Неделя 1;ESAB Россия (esab.ru);производитель сварочных материалов и оборудования (локализация в РФ);Горелки и комплектующие, Проволока и электроды;Запрос дилерских условий;e-mail / телефон;info@esab.ru;+7 (495) 663-20-08;https://esab.ru/;Дилерство ESAB — ПРОМКОНТУР, направление «Сварочное оборудование»;;;;;;;;;не отправлено;
168;Производство и обработка;Сварочное оборудование;Неделя 2;ГК «Восток-Сервис»;крупнейший производитель/поставщик спецодежды, спецобуви, СИЗ в РФ (120+ филиалов, 280 магазинов, 56 регионов + СНГ);Средства защиты сварщика;Запрос дилерских условий;по региональному филиалу;;;https://vostok.ru;Дилерство Восток-Сервис — ПРОМКОНТУР, направление «Сварочное оборудование»;;;;;;;;;не отправлено;
169;Производство и обработка;Промышленные роботы;Неделя 1;Промэнерго Автоматика (universal-cobot.ru);официальный дистрибьютор Universal Robots, JAKA, OnRobot, Rozum Robotics;Манипуляторы, Коботы, Захваты;Запрос дилерских условий;форма на сайте;;;https://universal-cobot.ru/about.php;Дилерство Universal Robots, JAKA, OnRobot, Rozum Robotics — ПРОМКОНТУР, направление «Промышленные роботы»;;;;;;;;;не отправлено;
170;Производство и обработка;Промышленные роботы;Неделя 2;RobSys (jakarobotics.ru);официальный дистрибьютор JAKA, Estun, Carl Cloos, Doosan Robotics;Манипуляторы;Запрос дилерских условий;телефон / e-mail;info@jakarobotics.ru;+7 (343) 521-50-50;https://jakarobotics.ru/;Дилерство JAKA, Estun, Carl Cloos, Doosan Robotics — ПРОМКОНТУР, направление «Промышленные роботы»;;;;;;;;;не отправлено;
171;Производство и обработка;Промышленные роботы;Неделя 1;Промобот / Центр развития промышленной робототехники (promo-bot.ru, robotic-center.ru);российский производитель + сеть партнёров-интеграторов;Сварочные РТК;Агентская схема — вознаграждение за заявку;форма на сайте;;;https://promo-bot.ru/;Партнёрство по привлечению заказчиков — Промышленные роботы;;;;;;;;;не отправлено;
172;Производство и обработка;Промышленные роботы;Неделя 1;АРКОДИМ-Про (arkodimpro.ru);российский производитель линейных декартовых промышленных роботов и станков с ЧПУ на заказ;Паллетайзеры и ячейки, Позиционеры, линейные оси, ограждения;Агентская схема — вознаграждение за заявку;телефон / e-mail;info@arkodimpro.ru;+7 (843) 21-21-357;https://arkodimpro.ru/;Партнёрство по привлечению заказчиков — Промышленные роботы;;;;;;;;;не отправлено;
173;Производство и обработка;Промышленные роботы;Неделя 2;FANUC Russia (fanuc-russia.ru);официальный сайт/продажи FANUC в России;Коллаборативные роботы;Запрос дилерских условий;форма на сайте / через официальных представителей (напр. НКР в Екатеринбурге);;;https://fanuc-russia.ru/roboty/;Дилерство FANUC — ПРОМКОНТУР, направление «Промышленные роботы»;;;;;;;;;не отправлено;
174;Производство и обработка;Системы машинного зрения;Неделя 1;Сенсотек (sensotek.ru);официальный дистрибьютор Basler, Cognex и Hikrobot в РФ;Промкамеры, Смарт-камеры, Считыватели кодов, Объективы, Подсветка, ПО и контроллеры;Запрос дилерских условий;телефон / e-mail;info@sensotek.ru;+7 (495) 181-56-67;https://sensotek.ru/;Дилерство Basler, Cognex, Hikrobot — ПРОМКОНТУР, направление «Системы машинного зрения»;;;;;;;;;не отправлено;
175;Производство и обработка;Системы машинного зрения;Неделя 2;DataID (dataid.ru);продавец/дистрибьютор Hikrobot;Промкамеры, Смарт-камеры;Запрос дилерских условий;телефон / e-mail;sale@dataid.ru;+7 (495) 256-15-15;https://dataid.ru/;Дилерство Hikrobot — ПРОМКОНТУР, направление «Системы машинного зрения»;;;;;;;;;не отправлено;
176;Производство и обработка;Системы машинного зрения;Неделя 1;RangeVision (rangevision.com);российский производитель 3D-сканеров;3D-сканеры и профилометры;Запрос дилерских условий;форма на сайте (заявка распределяется дистрибьютору);;;https://rangevision.com/can-buy/russian-partners/index__old.php;Дилерство RangeVision — ПРОМКОНТУР, направление «Системы машинного зрения»;;;;;;;;;не отправлено;
177;Производство и обработка;3D-печать для производства;Неделя 1;PICASO 3D (picaso-3d.ru);российский производитель промышленных FDM-принтеров;FDM промышленные, Инженерные пластики;Запрос дилерских условий;форма на сайте / через дилеров;;;https://picaso-3d.ru/;Дилерство PICASO 3D — ПРОМКОНТУР, направление «3D-печать для производства»;;;;;;;;;не отправлено;
178;Производство и обработка;3D-печать для производства;Неделя 1;3Д Альянс (chanhontech.ru);официальный представитель ChanHonTech в России;SLA/DLP;Запрос дилерских условий;телефон / бесплатная линия;;8 (800) 200-77-26, +7 (495) 128-59-05;https://chanhontech.ru/;Дилерство ChanHonTech (CHT) — ПРОМКОНТУР, направление «3D-печать для производства»;;;;;;;;;не отправлено;
179;Производство и обработка;3D-печать для производства;Неделя 1;Globatek (globatek.ru);официальный дилер Farsoon в России, интегратор решений аддитивного производства;SLS, Фотополимеры и порошки;Запрос дилерских условий;телефон;;8 800 333-12-82, +7 495 646-15-33;https://globatek.ru/;Дилерство Farsoon — ПРОМКОНТУР, направление «3D-печать для производства»;;;;;;;;;не отправлено;
180;Производство и обработка;3D-печать для производства;Неделя 2;Jetcom (jetcom-3d.ru);официальный дистрибьютор SoonSer (Китай) в России;Фотополимеры и порошки;Запрос дилерских условий;форма на сайте;;;https://www.jetcom-3d.ru/;Дилерство SoonSer — ПРОМКОНТУР, направление «3D-печать для производства»;;;;;;;;;не отправлено;
181;Производство и обработка;3D-печать для производства;Резерв;RangeVision (rangevision.com);российский производитель 3D-сканеров;3D-сканеры;Запрос дилерских условий;форма на сайте (заявка распределяется дистрибьютору);;;https://rangevision.com/can-buy/russian-partners/index__old.php;Дилерство RangeVision — ПРОМКОНТУР, направление «3D-печать для производства»;;;;;;;;;не отправлено;
182;Производство и обработка;3D-печать для производства;Неделя 2;SHINI Russia (shini.ru);официальный дилер SHINI (Тайвань) — оборудование для подготовки и сушки полимеров;Постобработка и сушка материалов;Запрос дилерских условий;форма на сайте / телефон;info@shini.ru;8-800-777-57-60;https://shini.ru/;Дилерство SHINI — ПРОМКОНТУР, направление «3D-печать для производства»;;;;;;;;;не отправлено;
183;Производство и обработка;3D-печать для производства;Неделя 2;Lider-3D (lider-3d.ru);поставщик сушильных камер и оборудования для постобработки 3D-печати;Постобработка и сушка материалов;Запрос условий сервиса / КП;форма на сайте / e-mail;zakaz@lider-3d.ru;8 (499) 391-09-25;https://lider-3d.ru/catalog/dopolnitelnoe_oborudovanie/dlya_3d_printerov/sushilnye_kamery/;Запрос условий для B2B-площадки ПРОМКОНТУР — 3D-печать для производства;;;;;;;;;не отправлено;
184;Производство и обработка;Лабораторное оборудование;Неделя 1;СибПрибор НПО (sib-pribor.ru);производитель испытательного оборудования;Твердомеры и испытательные машины, Сушильные шкафы и термостаты;Запрос дилерских условий;форма на сайте;;;https://sib-pribor.ru/;Дилерство СибПрибор — ПРОМКОНТУР, направление «Лабораторное оборудование»;;;;;;;;;не отправлено;
185;Производство и обработка;Лабораторное оборудование;Неделя 1;СибАгроПрибор (sibagropribor.ru);производитель аналитического оборудования для АПК;Анализаторы и спектрометры;Запрос дилерских условий;анкета дилера на сайте;;;https://sibagropribor.ru/;Дилерство СибАгроПрибор — ПРОМКОНТУР, направление «Лабораторное оборудование»;;;;;;;;;не отправлено;
186;Производство и обработка;Лабораторное оборудование;Неделя 2;ЛАБТЕХ (labteh.com);поставщик лабораторного оборудования, реактивов и мебели;pH-метры и титраторы, Лабораторные насосы, Мебель и посуда;Запрос дилерских условий;форма на сайте;;;https://labteh.com/;Дилерство мультибренд — ПРОМКОНТУР, направление «Лабораторное оборудование»;;;;;;;;;не отправлено;
187;Производство и обработка;Лабораторное оборудование;Неделя 2;Техинтест / Time Group (time-group.ru);эксклюзивный дистрибьютор Time Group Inc. (приборы неразрушающего контроля, твердомеры, толщиномеры) в РФ;Твердомеры и испытательные машины;Запрос дилерских условий;форма на сайте;;;https://time-group.ru/;Дилерство Time Group — ПРОМКОНТУР, направление «Лабораторное оборудование»;;;;;;;;;не отправлено;
188;Производство и обработка;Лабораторное оборудование;Неделя 2;Скейл Энтерпрайз / CAS (scale.ru);официальный импортёр и дистрибьютор CAS Corporation в РФ и Белоруссии, производитель весов под брендом Scale;Лабораторные весы;Запрос дилерских условий;телефон / форма на сайте;;+7 495 748 99 70;https://www.scale.ru/about/;Дилерство CAS, Scale — ПРОМКОНТУР, направление «Лабораторное оборудование»;;;;;;;;;не отправлено;
189;Производство и обработка;Сепараторы и центрифуги;Неделя 1;Siderus (siderus.ru);продавец оригинального оборудования Alfa Laval (параллельный/оригинальный импорт);Тарельчатые сепараторы, Декантеры, Запчасти и сервис;Агентская схема — вознаграждение за заявку;e-mail / телефон;info@siderus.ru;+7 (499) 647-47-07;https://siderus.ru/;Партнёрство по привлечению заказчиков — Сепараторы и центрифуги;;;;;;;;;не отправлено;
190;Производство и обработка;Сепараторы и центрифуги;Неделя 2;Далкос (dalkos.ru);продавец сепараторов Alfa Laval (топливные/масляные);Сепараторы масел и топлива;Агентская схема — вознаграждение за заявку;форма на сайте;;;https://dalkos.ru/;Партнёрство по привлечению заказчиков — Сепараторы и центрифуги;;;;;;;;;не отправлено;
191;Производство и обработка;Сепараторы и центрифуги;Неделя 1;ТПС / «Технологии Просеивания и Сепарации» (vibro-separator.ru, vibro-sito.ru);официальный представитель SWECO (Бельгия/Италия) в РФ;Гидроциклоны и вибросита, Декантеры;Запрос дилерских условий;телефон / e-mail;info@vibro-separator.ru;+7 (495) 988-86-38;https://vibro-separator.ru/;Дилерство SWECO, SCREENTECH, WEILIANG — ПРОМКОНТУР, направление «Сепараторы и центрифуги»;;;;;;;;;не отправлено;
192;Производство и обработка;Сепараторы и центрифуги;Неделя 2;НТ-Пром (nt-prom.ru);производитель/поставщик центробежного оборудования (горизонтальные фильтрующие осадительные центрифуги);Фильтрующие и осадительные центрифуги;Запрос условий сервиса / КП;e-mail / телефон;info@nt-prom.ru;+7 (495) 363-29-66;https://nt-prom.ru/;Запрос условий для B2B-площадки ПРОМКОНТУР — Сепараторы и центрифуги;;;;;;;;;не отправлено;
193;Логистика, упаковка, пищевые линии;Складская техника;Неделя 1;«НАК Машинери» / «Эксфорк-Трейд» (дистрибьюторы EP Equipment);официальный дистрибьютор бренда EP (Китай) в РФ, региональные дилерские программы;Штабелёры, Погрузчики и ричтраки, Электротележки, Запчасти и навесное;Запрос дилерских условий;e-mail / телефон;"info@ep-com.ru; zakaz@ep-exfork.ru";"8 800 7071 584; +7(495)532-84-81";https://ep-com.ru, https://ep-exfork.ru;Дилерство EP Equipment — ПРОМКОНТУР, направление «Складская техника»;;;;;;;;;не отправлено;
194;Логистика, упаковка, пищевые линии;Складская техника;Неделя 2;Heli Eurasia;официальное представительство завода-производителя Anhui Heli в РФ и СНГ;Погрузчики и ричтраки, Штабелёры;Запрос дилерских условий;форма на сайте;;;https://helieurasia.ru;Дилерство Heli — ПРОМКОНТУР, направление «Складская техника»;;;;;;;;;не отправлено;
195;Логистика, упаковка, пищевые линии;Складская техника;Неделя 1;OXLIFT (через ГКНТ / nt-rt.ru);производитель-бренд (Китай) с собственным дилерским прайс-листом;Гидравлические тележки, Электротележки;Запрос дилерских условий;e-mail / телефон;sales@oxlift.ru;8 800 500 78 69;"https://oxlift.ru; https://oxlift.nt-rt.ru";Дилерство OXLIFT — ПРОМКОНТУР, направление «Складская техника»;;;;;;;;;не отправлено;
196;Логистика, упаковка, пищевые линии;Складская техника;Неделя 2;«Складская Лига» (skladliga.ru);официальный дилер Noblelift, CHL, EP в РФ (СПб);Гидравлические тележки, Штабелёры;Запрос дилерских условий;форма на сайте;;;https://skladliga.ru;Дилерство Noblelift — ПРОМКОНТУР, направление «Складская техника»;;;;;;;;;не отправлено;
197;Логистика, упаковка, пищевые линии;Складская техника;Резерв;«Фирито» (firito.ru);поставщик промышленных колёс и роликов, крупная складская сеть по РФ/СНГ;Колёса и ролики;Запрос дилерских условий;форма на сайте / отдел по работе с клиентами;;;https://firito.ru;Дилерство различные (мультибрендовый поставщик) — ПРОМКОНТУР, направление «Складская техника»;;;;;;;;;не отправлено;
198;Логистика, упаковка, пищевые линии;Складская техника;Неделя 2;Форклифт (clark-ural.ru);официальный дилер Clark Europe GmbH и EnerSys в России;Тяговые аккумуляторы и зарядные устройства;Запрос дилерских условий;телефон / форма на сайте;;;https://clark-ural.ru/katalog/akb-zu/;Дилерство EnerSys — ПРОМКОНТУР, направление «Складская техника»;;;;;;;;;не отправлено;
199;Логистика, упаковка, пищевые линии;Складская техника;Неделя 2;ЭТТО / Everest Energy (etto.com.ru);официальный дилер Everest Energy (Китай) в России;Тяговые аккумуляторы и зарядные устройства;Запрос дилерских условий;форма на сайте;;;https://etto.com.ru/everestenergy;Дилерство Everest Energy — ПРОМКОНТУР, направление «Складская техника»;;;;;;;;;не отправлено;
200;Логистика, упаковка, пищевые линии;Упаковочное оборудование;Неделя 1;ПаллетПак / kondhp.ru;производитель упаковочных станков (30+ лет), приглашает дилеров в РФ и за рубежом;Паллетоупаковщики;Запрос дилерских условий;e-mail / телефон;kondhp@kondhp.ru;+7 800 707-25-15;https://kondhp.ru;Дилерство ПаллетПак — ПРОМКОНТУР, направление «Упаковочное оборудование»;;;;;;;;;не отправлено;
201;Логистика, упаковка, пищевые линии;Упаковочное оборудование;Неделя 2;SIAT (через официального дилера siatpack.ru);официальный дилер SIAT Maillis Group (Италия) в РФ;Стреппинг;Запрос дилерских условий;телефон / e-mail;info@siatpack.ru;8 (495) 778-…970;https://siatpack.ru;Дилерство SIAT — ПРОМКОНТУР, направление «Упаковочное оборудование»;;;;;;;;;не отправлено;
202;Логистика, упаковка, пищевые линии;Упаковочное оборудование;Неделя 1;Алджипак (algipack.ru);эксклюзивный представитель ряда европейских производителей (Smipack, Ripack, Guilbert Express, ErgoPack, Storopack) в статусе «российский офис»;Термоусадка, Плёнка, лента, расходники;Запрос дилерских условий;телефон;;+7(495)968-28-01;https://algipack.ru;Дилерство Smipack, Ripack, Storopack — ПРОМКОНТУР, направление «Упаковочное оборудование»;;;;;;;;;не отправлено;
203;Логистика, упаковка, пищевые линии;Упаковочное оборудование;Неделя 1;ЦШК «Гексагон» (официальный дистрибьютор Zebra Technologies, TSC, Gainscha);официальный дистрибьютор бренда Zebra в РФ;Этикетировщики и принтеры маркировки;Запрос дилерских условий;e-mail / телефон;info@geksagon.ru;+7 (495) 105-97-13;https://zebraprinters.ru;Дилерство Zebra, TSC, Gainscha — ПРОМКОНТУР, направление «Упаковочное оборудование»;;;;;;;;;не отправлено;
204;Логистика, упаковка, пищевые линии;Упаковочное оборудование;Неделя 2;Снабимпэкс (pack.snabimp.ru);мультибрендовый интегратор упаковочного оборудования, 5 дилерских соглашений с фабриками Китая;Запайщики и вакуумные, Паллетоупаковщики;Агентская схема — вознаграждение за заявку;телефон / e-mail;89280385796@snabimp.ru;+7 928 038-57-96;https://pack.snabimp.ru;Партнёрство по привлечению заказчиков — Упаковочное оборудование;;;;;;;;;не отправлено;
205;Логистика, упаковка, пищевые линии;Упаковочное оборудование;Резерв;Robopac (robopacrus.ru);официальный дистрибьютор ROBOPAC (Италия, Сан-Марино) в РФ и СНГ;Скотчеватели и формирователи коробов;Запрос дилерских условий;форма на сайте;;;https://robopacrus.ru;Дилерство Robopac — ПРОМКОНТУР, направление «Упаковочное оборудование»;;;;;;;;;не отправлено;
206;Логистика, упаковка, пищевые линии;Весовое оборудование;Неделя 1;Тензо-М;производитель (СПб, с 1990), крупный завод весов и тензодатчиков;Платформенные, Автомобильные и вагонные, Тензодатчики и терминалы;Запрос дилерских условий;e-mail / телефон / личный кабинет;sales@tenso-m.ru;8 800 555 65 30;https://www.tenso-m.ru;Дилерство Тензо-М — ПРОМКОНТУР, направление «Весовое оборудование»;;;;;;;;;не отправлено;
207;Логистика, упаковка, пищевые линии;Весовое оборудование;Неделя 1;МАССА-К;завод-изготовитель (СПб, с 1991), развитая дилерская/ЦТО-сеть по РФ и СНГ;Платформенные, Паллетные и весы-рохли, Крановые;Запрос дилерских условий;e-mail / телефон;cto@massa.ru;(812) 346-57-05;https://www.massa.ru;Дилерство МАССА-К — ПРОМКОНТУР, направление «Весовое оборудование»;;;;;;;;;не отправлено;
208;Логистика, упаковка, пищевые линии;Весовое оборудование;Неделя 2;Скейл Энтерпрайз (scale.ru);"официальный дистрибьютор весового оборудования CAS, Now Systems, Prisma (крупнейший дистрибьютор CAS в мире); производитель весов «Скейл»";Чеквейеры;Запрос дилерских условий;форма на сайте;;;https://www.scale.ru;Дилерство CAS, Now Systems, Prisma, Скейл — ПРОМКОНТУР, направление «Весовое оборудование»;;;;;;;;;не отправлено;
209;Логистика, упаковка, пищевые линии;Весовое оборудование;Неделя 2;МАНРО Механика (официальный дистрибьютор Transcell);официальный дистрибьютор весовых дозаторов и систем Transcell (Changzhou Transcell, Китай);Весовые дозаторы;Запрос дилерских условий;форма на сайте;;;https://gkmanro.ru/transcell;Дилерство Transcell — ПРОМКОНТУР, направление «Весовое оборудование»;;;;;;;;;не отправлено;
210;Логистика, упаковка, пищевые линии;Весовое оборудование;Резерв;ВЗВТ — Волгоградский завод весоизмерительной техники (tdvzvt.ru);производитель промышленных весов;Крановые, Автомобильные и вагонные;Запрос дилерских условий;форма на сайте;;;https://tdvzvt.ru;Дилерство ВЗВТ — ПРОМКОНТУР, направление «Весовое оборудование»;;;;;;;;;не отправлено;
211;Логистика, упаковка, пищевые линии;Пищевое оборудование;Неделя 1;Alfa L Service (alfalservice.ru);первая российская компания со статусом «Мастер Дистрибьютер» Alfa Laval, аккредитована на поставку, установку и техобслуживание;Санитарные насосы, Пастеризаторы и теплообменники, Санитарная арматура;Агентская схема — вознаграждение за заявку;форма на сайте;;;https://alfalservice.ru;Партнёрство по привлечению заказчиков — Пищевое оборудование;;;;;;;;;не отправлено;
212;Логистика, упаковка, пищевые линии;Пищевое оборудование;Неделя 2;Машимпэкс (официальный партнёр GEA Group в РФ);официальный партнёр GEA в РФ, продажа теплообменников и запчастей, взаимозаменяемых с Alfa Laval/Sondex;Пастеризаторы и теплообменники, Санитарная арматура;Агентская схема — вознаграждение за заявку;форма на сайте (через реселлеров E8/sn22.ru и региональные сайты);;;https://novosibirsk.sn22.ru/catalog/plastinchatie-teploobmenniki/mashimpeks-gea/;Партнёрство по привлечению заказчиков — Пищевое оборудование;;;;;;;;;не отправлено;
213;Логистика, упаковка, пищевые линии;Пищевое оборудование;Резерв;«Пищевые насосы» (foodpumps.ru);производитель пищевых/химических насосов (Фрязино, с 2001);Санитарные насосы;Агентская схема — вознаграждение за заявку;форма на сайте;;;https://foodpumps.ru;Партнёрство по привлечению заказчиков — Пищевое оборудование;;;;;;;;;не отправлено;
214;Логистика, упаковка, пищевые линии;Пищевое оборудование;Резерв;СТИМИНОКС ГРУПП (steaminox.ru);производитель CIP-станций, 60+ реализованных станций за 10 лет;CIP-мойка, Ёмкости и реакторы;Агентская схема — вознаграждение за заявку;форма на сайте;;;https://steaminox.ru;Партнёрство по привлечению заказчиков — Пищевое оборудование;;;;;;;;;не отправлено;
215;Логистика, упаковка, пищевые линии;Пищевое оборудование;Резерв;КР-Тех (kr-tec.ru);производитель CIP-станций (централизованных и локальных);CIP-мойка;Агентская схема — вознаграждение за заявку;форма на сайте;;;https://kr-tec.ru;Партнёрство по привлечению заказчиков — Пищевое оборудование;;;;;;;;;не отправлено;
216;Логистика, упаковка, пищевые линии;Пищевое оборудование;Неделя 2;ЭкоПакЮг (ugecopack.ru);агент производителей упаковочных материалов и оборудования в ЮФО/СКФО/ПФО;Упаковочные линии (интеграторы, агентская схема);Агентская схема — вознаграждение за заявку;e-mail / форма на сайте;office@ugecopack.ru;8 800 333 38 49;https://ugecopack.ru/partneram.html;Партнёрство по привлечению заказчиков — Пищевое оборудование;;;;;;;;;не отправлено;
217;Логистика, упаковка, пищевые линии;Пищевое оборудование;Неделя 2;НОТИС (notis.ru);российский производитель фасовочно-упаковочных автоматов и весовых дозаторов;Дозаторы и фасовочные автоматы (российские производители);Запрос дилерских условий;форма на сайте / e-mail;market@notis.ru;+7 383 292 60 06;https://www.notis.ru/;Дилерство НОТИС — ПРОМКОНТУР, направление «Пищевое оборудование»;;;;;;;;;не отправлено;
218;Логистика, упаковка, пищевые линии;Средства безопасности;Неделя 1;ФГУП «СПО «Аналитприбор» (Смоленск);производитель газоанализаторов (бренды СТМ, АНКАТ, ГИАМ, ГАММА, СГГ, СТГ), с 1960 г.;Стационарные газоанализаторы, Переносные газоанализаторы;Запрос дилерских условий;телефон / e-mail;market@analitpribor-smolensk.ru;8 800 100 19 50;https://analitpribor-smolensk.ru;Дилерство СТМ, АНКАТ, ГИАМ, ГАММА — ПРОМКОНТУР, направление «Средства безопасности»;;;;;;;;;не отправлено;
219;Логистика, упаковка, пищевые линии;Средства безопасности;Неделя 1;ГК «Восток-Сервис»;крупнейший производитель/поставщик спецодежды, спецобуви, СИЗ в РФ (120+ филиалов, 280 магазинов, 56 регионов + СНГ);Спецодежда и спецобувь, СИЗ рук, головы, глаз, слуха;Запрос дилерских условий;по региональному филиалу;;;https://vostok.ru;Дилерство Восток-Сервис — ПРОМКОНТУР, направление «Средства безопасности»;;;;;;;;;не отправлено;
220;Логистика, упаковка, пищевые линии;Средства безопасности;Неделя 1;НПК СИЗОД / magazinsiz.ru (официальный дистрибьютор 3М);официальный дистрибьютор 3М в РФ;СИЗОД, СИЗ рук, головы, глаз, слуха;Запрос дилерских условий;e-mail / телефон;info@magazinsiz.ru;8 (800) 350 17 31;https://www.magazinsiz.ru;Дилерство 3М, Speedglas, Adflo — ПРОМКОНТУР, направление «Средства безопасности»;;;;;;;;;не отправлено;
221;Логистика, упаковка, пищевые линии;Средства безопасности;Неделя 2;ЮНИТ МАРК ПРО (umpgroup.ru) — официальный дистрибьютор Brady в РФ;официальный дистрибьютор Brady;Знаки, ограждения, LOTO;Запрос дилерских условий;телефон;;(495) 748-09-07;https://umpgroup.ru;Дилерство Brady — ПРОМКОНТУР, направление «Средства безопасности»;;;;;;;;;не отправлено;
222;Логистика, упаковка, пищевые линии;Средства безопасности;Неделя 2;АО «Спецавтоматика» / НПП «Спецприбор» (Казань);производитель взрывозащищённых световых/звуковых оповещателей и сигнализаторов, с 1991 г.;Световая и звуковая сигнализация;Запрос дилерских условий;телефон / e-mail;"info@specpribor.ru; market@specpribor.ru";(843) 207-00-66;https://www.specpribor.ru;Дилерство СКОПА, ЗОВ — ПРОМКОНТУР, направление «Средства безопасности»;;;;;;;;;не отправлено;
223;Логистика, упаковка, пищевые линии;Средства безопасности;Неделя 1;Респираторный комплекс (rkszpe.ru);российский производитель фильтрующих респираторов;Средства защиты органов дыхания;Запрос дилерских условий;e-mail / телефон (только для юрлиц);zakaz@rkszpe.ru;8 812 703-37-33, 8 812 329-11-65;https://rkszpe.ru/;Дилерство Респираторный комплекс, Алина — ПРОМКОНТУР, направление «Средства безопасности»;;;;;;;;;не отправлено;
224;Инфраструктура сделки;Заводы Китая под заказ;Неделя 1;Shenzhen INVT Electric Co., Ltd (INVT);производитель;частотные преобразователи;Завод в Китае: цены, OEM, дистрибуция;e-mail отдела продаж (English);overseas@invt.com;;https://www.invt.com/contact-us;Distribution in Russia — INVT / ПРОМКОНТУР;;;;;;;;;не отправлено;
225;Инфраструктура сделки;Заводы Китая под заказ;Неделя 2;Denair Energy Equipment Co., Ltd (DENAIR);производитель;компрессоры винтовые;Завод в Китае: цены, OEM, дистрибуция;e-mail (English);info@denair.net;0086 21 5722 3896;https://www.denair.net/contact_us/;Distribution in Russia — Denair / ПРОМКОНТУР;;;;;;;;;не отправлено;
226;Инфраструктура сделки;Заводы Китая под заказ;Неделя 1;Jiangsu Guomao Reducer Co., Ltd (GUOMAO);производитель;мотор-редукторы;Завод в Китае: цены, OEM, дистрибуция;e-mail (English) + телефон;trade@guomaoreducer.com;400-112-5588;https://www.guomaoglobal.com/;Distribution in Russia — Guomao / ПРОМКОНТУР;;;;;;;;;не отправлено;
227;Инфраструктура сделки;Заводы Китая под заказ;Неделя 2;Boneng Transmission (Shenyang/Tianjin) Co., Ltd;производитель;мотор-редукторы;Завод в Китае: цены, OEM, дистрибуция;форма на региональной странице (English);;024-31292571 (Shenyang, Motor/Gearbox);https://www.boneng.com/English/ez.html;Distribution in Russia — Boneng / ПРОМКОНТУР;;;;;;;;;не отправлено;
228;Инфраструктура сделки;Заводы Китая под заказ;Неделя 1;Nanfang Pump Industry Co., Ltd (CNP);производитель;насосы;Завод в Китае: цены, OEM, дистрибуция;e-mail (русский, через представительство РФ);cnp@cnprussia.ru;+7 800 333-10-74;https://www.cnprussia.ru/;Distribution in Russia — CNP / ПРОМКОНТУР;;;;;;;;;не отправлено;
229;Инфраструктура сделки;Заводы Китая под заказ;Резерв;LEO Group Co., Ltd (LEO PUMP);производитель;насосы;Завод в Китае: цены, OEM, дистрибуция;e-mail (English);export@leopump.com;+86-576-8998 6360;https://www.leopump.com/en/;Distribution in Russia — Leo / ПРОМКОНТУР;;;;;;;;;не отправлено;
230;Инфраструктура сделки;Заводы Китая под заказ;Неделя 2;Shenyang Machine Tool Co., Ltd (SMTCL) / Shenyang Machine Tool Import & Export Co., Ltd;производитель;токарные станки с ЧПУ;Завод в Китае: цены, OEM, дистрибуция;e-mail (English);info@smtcl-en.com;+86 186-4054-7138;https://www.smtcl-en.com/;Distribution in Russia — SMTCL / ПРОМКОНТУР;;;;;;;;;не отправлено;
231;Инфраструктура сделки;Заводы Китая под заказ;Неделя 2;Xiamen Golden Egret Special Alloy Co., Ltd (GESAC);производитель / офиц. дистрибьютор в РФ;твердосплавные пластины;Завод в Китае: цены, OEM, дистрибуция;форма на сайте / e-mail (через представительство РФ);;;https://gesac.ru/company/;Distribution in Russia — GESAC / ПРОМКОНТУР;;;;;;;;;не отправлено;
232;Инфраструктура сделки;ВЭД-партнёры и байеры;Неделя 1;Global Alians (ООО «Глобал-Альянс»);ВЭД-агент;ВЭД под ключ, проверка поставщика/завода, инспекция партии перед отгрузкой (AQL/PSI);ВЭД-партнёр: импорт под ключ;телефон / форма на сайте;;+7 495 109-79-13;https://global-alians.com/;Регулярный импорт промоборудования из Китая — ПРОМКОНТУР;;;;;;;;;не отправлено;
233;Инфраструктура сделки;ВЭД-партнёры и байеры;Неделя 2;VED EXPERT (ВЭД Эксперт);ВЭД-агент;ВЭД под ключ, декларирование ТР ТС / EAC;ВЭД-партнёр: импорт под ключ;форма на сайте / телефон;;;https://vedexpert.org/;Регулярный импорт промоборудования из Китая — ПРОМКОНТУР;;;;;;;;;не отправлено;
234;Инфраструктура сделки;ВЭД-партнёры и байеры;Резерв;WhiteRoute (ООО «ВАЙТРОАД», ИНН 9718294459);ВЭД-агент;ВЭД под ключ;ВЭД-партнёр: импорт под ключ;форма на сайте;;;https://whiteroute.ru/;Регулярный импорт промоборудования из Китая — ПРОМКОНТУР;;;;;;;;;не отправлено;
235;Инфраструктура сделки;ВЭД-партнёры и байеры;Неделя 2;Golden Wings (Guangzhou Golden Wings, gwchina.ru);байер/инспектор;проверка поставщика/завода, инспекция партии перед отгрузкой (AQL/PSI);ВЭД-партнёр: импорт под ключ;форма на сайте / мессенджер;;;https://gwchina.ru/;Регулярный импорт промоборудования из Китая — ПРОМКОНТУР;;;;;;;;;не отправлено;
236;Инфраструктура сделки;ВЭД-партнёры и байеры;Резерв;NuriProChina;байер/инспектор;проверка поставщика/завода;ВЭД-партнёр: импорт под ключ;форма на сайте;;;https://nuriprochina.com/;Регулярный импорт промоборудования из Китая — ПРОМКОНТУР;;;;;;;;;не отправлено;
237;Инфраструктура сделки;Оплата в юанях;Неделя 1;ВТБ (филиал ВТБ Шанхай);банк;перевод оплаты китайскому заводу в юанях, валютный контроль по 181-И;Запрос условий сервиса / КП;форма на сайте / отделение;;;https://www.vtb.ru/;Запрос условий для B2B-площадки ПРОМКОНТУР — Оплата в юанях;;;;;;;;;не отправлено;
238;Инфраструктура сделки;Оплата в юанях;Неделя 2;Т-Банк (Тинькофф) — платёжные агенты Китай;банк;перевод оплаты китайскому заводу в юанях;Запрос условий сервиса / КП;форма на сайте бизнес-блока;;;https://www.tbank.ru/business/;Запрос условий для B2B-площадки ПРОМКОНТУР — Оплата в юанях;;;;;;;;;не отправлено;
239;Инфраструктура сделки;Оплата в юанях;Резерв;Платёжные агенты общего рынка (GPO, CS-VED и аналоги);платёжный агент;перевод оплаты китайскому заводу в юанях;Запрос условий сервиса / КП;форма на сайте;;;https://cs-ved.ru/;Запрос условий для B2B-площадки ПРОМКОНТУР — Оплата в юанях;;;;;;;;;не отправлено;
240;Инфраструктура сделки;Площадки как канал продаж;Неделя 1;Пульс цен (pulscen.ru);площадка;размещение каталога/прайса как ещё один поставщик, выгрузка YML/1C/CSV на внешние площадки;Размещение на площадке как продавец;форма на сайте / регистрация поставщика;;;https://www.pulscen.ru/about/packets;Размещение поставщика промоборудования — ПРОМКОНТУР;;;;;;;;;не отправлено;
241;Инфраструктура сделки;Площадки как канал продаж;Неделя 2;Промпортал (promportal.su);площадка;размещение каталога/прайса как ещё один поставщик;Размещение на площадке как продавец;форма на сайте;;;https://promportal.su/tarifs.htm;Размещение поставщика промоборудования — ПРОМКОНТУР;;;;;;;;;не отправлено;
242;Инфраструктура сделки;Площадки как канал продаж;Неделя 2;Supl.biz;площадка;получение заявок от закупщиков;Размещение на площадке как продавец;форма на сайте / регистрация поставщика;;;https://supl.biz/prices/;Размещение поставщика промоборудования — ПРОМКОНТУР;;;;;;;;;не отправлено;
243;Инфраструктура сделки;Площадки как канал продаж;Неделя 2;Фабрикант, раздел «Маркет» (fabrikant.ru);площадка;размещение каталога/прайса как ещё один поставщик, получение заявок от закупщиков;Размещение на площадке как продавец;регистрация на сайте;;;https://www.fabrikant.ru/market/supplier/;Размещение поставщика промоборудования — ПРОМКОНТУР;;;;;;;;;не отправлено;
244;Инфраструктура сделки;Площадки как канал продаж;Резерв;B2B-Center (b2b-center.ru);площадка;получение заявок от закупщиков;Размещение на площадке как продавец;регистрация на сайте / отдел продаж;;;https://www.b2b-center.ru/app/tariffs/?group=supplier;Размещение поставщика промоборудования — ПРОМКОНТУР;;;;;;;;;не отправлено;
245;Инфраструктура сделки;Площадки как канал продаж;Резерв;Ozon для бизнеса (Ozon B2B) / Яндекс Маркет для бизнеса;площадка;размещение каталога/прайса как ещё один поставщик;Размещение на площадке как продавец;регистрация продавца через кабинет;;;https://partner.market.yandex.ru/;Размещение поставщика промоборудования — ПРОМКОНТУР;;;;;;;;;не отправлено;
246;Инфраструктура сделки;Факторинг и отсрочка покупателю;Неделя 1;Альфа-Банк — Факторинг для покупателей;банк;отсрочка платежа покупателю до 30 дней, встройка заявки на факторинг в чек-аут;Запрос условий сервиса / КП;форма на сайте / отдел факторинга;;;https://alfabank.ru/corporate/finance/factoring/;Запрос условий для B2B-площадки ПРОМКОНТУР — Факторинг и отсрочка покупателю;;;;;;;;;не отправлено;
247;Инфраструктура сделки;Факторинг и отсрочка покупателю;Неделя 2;Т-Банк — факторинг для контрактов с отсрочкой;банк;отсрочка платежа покупателю до 30 дней, финансирование поставщика под дебиторку;Запрос условий сервиса / КП;форма на сайте бизнес-блока;;;https://www.tbank.ru/corporate/factoring/;Запрос условий для B2B-площадки ПРОМКОНТУР — Факторинг и отсрочка покупателю;;;;;;;;;не отправлено;
248;Инфраструктура сделки;Факторинг и отсрочка покупателю;Резерв;ВТБ Факторинг;банк;финансирование поставщика под дебиторку;Запрос условий сервиса / КП;форма на сайте;;;https://www.vtbf.ru/msb/regressnyj-faktoring;Запрос условий для B2B-площадки ПРОМКОНТУР — Факторинг и отсрочка покупателю;;;;;;;;;не отправлено;
249;Инфраструктура сделки;Проверка ИНН, ЭДО, оплата счёта;Неделя 1;DaData (Хёкс, ООО);офиц. дистрибьютор (API-сервис);проверка контрагента по ИНН/ОГРН;Запрос условий сервиса / КП;регистрация на сайте / API-ключ;;;https://dadata.ru/pricing/;Запрос условий для B2B-площадки ПРОМКОНТУР — Проверка ИНН, ЭДО, оплата счёта;;;;;;;;;не отправлено;
250;Инфраструктура сделки;Проверка ИНН, ЭДО, оплата счёта;Неделя 2;Checko;офиц. дистрибьютор (API-сервис);проверка контрагента по ИНН/ОГРН;Запрос условий сервиса / КП;регистрация на сайте / API;;;https://checko.ru/integration/api;Запрос условий для B2B-площадки ПРОМКОНТУР — Проверка ИНН, ЭДО, оплата счёта;;;;;;;;;не отправлено;
251;Инфраструктура сделки;Проверка ИНН, ЭДО, оплата счёта;Неделя 1;СБИС (Saby, Тензор);офиц. дистрибьютор (ЭДО-оператор);ЭДО счетов, накладных, УПД;Запрос условий сервиса / КП;регистрация оператора / отдел продаж;;;https://saby.ru/tariffs;Запрос условий для B2B-площадки ПРОМКОНТУР — Проверка ИНН, ЭДО, оплата счёта;;;;;;;;;не отправлено;
252;Инфраструктура сделки;Проверка ИНН, ЭДО, оплата счёта;Неделя 2;Диадок (СКБ Контур);офиц. дистрибьютор (ЭДО-оператор);ЭДО счетов, накладных, УПД;Запрос условий сервиса / КП;регистрация / отдел продаж;;;https://diadoc.com/tariffs;Запрос условий для B2B-площадки ПРОМКОНТУР — Проверка ИНН, ЭДО, оплата счёта;;;;;;;;;не отправлено;
253;Инфраструктура сделки;Проверка ИНН, ЭДО, оплата счёта;Неделя 2;СБП B2B (через расчётный банк площадки);банк;приём онлайн-оплаты юрлицом (СБП B2B/эквайринг);Запрос условий сервиса / КП;подключение через расчётный банк площадки;;;;Запрос условий для B2B-площадки ПРОМКОНТУР — Проверка ИНН, ЭДО, оплата счёта;;;;;;;;;не отправлено;
254;Инфраструктура сделки;Доставка по РФ;Неделя 1;ApiShip;площадка (агрегатор ТК);расчёт стоимости и срока доставки в чек-ауте;Запрос условий сервиса / КП;регистрация / отдел продаж;;;https://docs.apiship.ru/docs/api/;Запрос условий для B2B-площадки ПРОМКОНТУР — Доставка по РФ;;;;;;;;;не отправлено;
255;Инфраструктура сделки;Доставка по РФ;Неделя 1;ПЭК;площадка (перевозчик);прямой договор перевозчика для скидок по объёму, забор груза со склада поставщика, страхование груза при перевозке;Запрос условий сервиса / КП;заявка юрлица / договор оферты;;;https://pecom.ru/business/developers/api_public/;Запрос условий для B2B-площадки ПРОМКОНТУР — Доставка по РФ;;;;;;;;;не отправлено;
256;Инфраструктура сделки;Доставка по РФ;Неделя 2;Деловые Линии (Dellin);площадка (перевозчик);прямой договор перевозчика для скидок по объёму, забор груза со склада поставщика;Запрос условий сервиса / КП;регистрация на dev.dellin.ru / договор;;;https://dev.dellin.ru/;Запрос условий для B2B-площадки ПРОМКОНТУР — Доставка по РФ;;;;;;;;;не отправлено;
257;Инфраструктура сделки;Доставка по РФ;Резерв;КИТ (tk-kit.ru);площадка (перевозчик);прямой договор перевозчика для скидок по объёму;Запрос условий сервиса / КП;регистрация / токен API;;;https://tk-kit.ru/developers/api-doc/2.0/order/calculate;Запрос условий для B2B-площадки ПРОМКОНТУР — Доставка по РФ;;;;;;;;;не отправлено;